客户所属区域,客户编码,客户名称,产品大类,物料编码,物料描述,年,月份,提货数量
乘用配套一组,FPT0010013,北汽福田汽车股份有限公司,101半钢外胎,100A3710,265/65R18 114T Giti4×4 AT70 RWL # Giti 外,2021,7                             月,4
乘用配套一组,FPT0010013,北汽福田汽车股份有限公司,101半钢外胎,100A4183,265/70R18 116S Giti4×4 AT71 RWL # Giti 外,2021,7                             月,12
乘用配套一组,FPT0010027,重庆长安汽车股份有限公司北京长安汽车公司,101半钢外胎,100A2184,225/65R17 102H GitiComfort SUV 520 CHANGAN # Giti 外,2021,7                             月,30
乘用配套一组,FPT0010027,重庆长安汽车股份有限公司北京长安汽车公司,101半钢外胎,100A3599,T165/80R17 104M CHANGAN MK05 # Giti 外,2021,7                             月,8274
乘用配套一组,FPT0010027,重庆长安汽车股份有限公司北京长安汽车公司,101半钢外胎,100A3955,225/65R17 102H GitiComfort F50 CHANGAN # Giti 外,2021,7                             月,23100
乘用配套一组,FPT0010027,重庆长安汽车股份有限公司北京长安汽车公司,101半钢外胎,100A3956,225/60R18 100H GitiComfort F50 CHANGAN # Giti 外,2021,7                             月,200
乘用配套一组,FPT0021041,上汽大众汽车有限公司,101半钢外胎,100A3275,T125/70R16 96M GitiWingro SVW # Giti 外,2021,7                             月,3000
乘用配套一组,FPT0021046,威马新能源汽车采购（上海）有限公司,101半钢外胎,100A4084,225/55R18 98H GitiComfort 225 V1 # Giti 外,2021,7                             月,720
乘用配套一组,FPT0021046,威马新能源汽车采购（上海）有限公司,101半钢外胎,100A4326,215/60R17 96H GitiComfort F50 WM # Giti 外,2021,7                             月,258
乘用配套一组,FPT0023023,重庆长安汽车股份有限公司,101半钢外胎,100A3078,T145/80R18 109M CHANGAN # Giti 外,2021,7                             月,1494
乘用配套一组,FPT0023023,重庆长安汽车股份有限公司,101半钢外胎,100A3273,215/50R17 91V GitiComfort 228v1 DPCA # Giti 外,2021,7                             月,624
乘用配套一组,FPT0023023,重庆长安汽车股份有限公司,101半钢外胎,100A3414,205/65R16 95V GitiComfort 228v1 CHANGAN # Giti 外,2021,7                             月,8
乘用配套一组,FPT0023023,重庆长安汽车股份有限公司,101半钢外胎,100A3635,225/55R18 98V GitiComfort F50 # Giti 外,2021,7                             月,25524
乘用配套一组,FPT0023023,重庆长安汽车股份有限公司,101半钢外胎,100A3687,225/45R18 95V XL GitiComfort 228v1 CHANGAN NEW # Giti 外,2021,7                             月,3600
乘用配套一组,FPT0023023,重庆长安汽车股份有限公司,101半钢外胎,100A3884,T125/80R17 99M CHANGAN # GT 外,2021,7                             月,16379
乘用配套一组,FPT0023023,重庆长安汽车股份有限公司,101半钢外胎,100A3955,225/65R17 102H GitiComfort F50 CHANGAN # Giti 外,2021,7                             月,1772
乘用配套一组,FPT0023023,重庆长安汽车股份有限公司,101半钢外胎,100A3956,225/60R18 100H GitiComfort F50 CHANGAN # Giti 外,2021,7                             月,2029
乘用配套一组,FPT0023023,重庆长安汽车股份有限公司,101半钢外胎,100A4084,225/55R18 98H GitiComfort 225 V1 # Giti 外,2021,7                             月,16
乘用配套一组,FPT0023023,重庆长安汽车股份有限公司,101半钢外胎,100A4173,215/50R17 95H XL GitiComfort 228v1 CHANGAN # Giti 外,2021,7                             月,1030
乘用配套一组,FPT0023023,重庆长安汽车股份有限公司,101半钢外胎,100A4193,T165/80R17 104M CHANGAN MK05 NEW # Giti 外,2021,7                             月,224
乘用配套一组,FPT0023023,重庆长安汽车股份有限公司,101半钢外胎,100A4368,225/45R18 95V XL GitiComfort 228v1 CHANGAN NEW # Giti 外,2021,7                             月,11200
乘用配套一组,FPT0023023,重庆长安汽车股份有限公司,101半钢外胎,100A4395,225/55R19 99H GitiComfort F50 CHANGAN # Giti 外,2021,7                             月,3815
乘用配套一组,FPT0025022,上汽大众汽车有限公司南京分公司,101半钢外胎,100A3080,T125/70R18 99M GitiWingro # Giti 外,2021,7                             月,1300
乘用配套一组,FPT0025022,上汽大众汽车有限公司南京分公司,101半钢外胎,100A3573,T125/70R18 99M GitiWingro SVW # Giti 外,2021,7                             月,1300
乘用配套一组,FPT0028012,长春一汽富维汽车零部件股份有限公司成都车轮分公司,101半钢外胎,100A3686,T125/70R18 99M GitiWingro FAW VW # Giti 外,2021,7                             月,7539
乘用配套一组,FPT0312009,保定长安客车制造有限公司,101半钢外胎,100A2958,265/65R17 112H Giti4×4 HT152 # Giti 外,2021,7                             月,1857
乘用配套一组,FPT0312009,保定长安客车制造有限公司,101半钢外胎,100A4194,265/60R18 110S Giti4×4 AT70 CHANGAN NEW # Giti 外,2021,7                             月,446
乘用配套一组,FPT0431016,长春一汽富维汽车零部件股份有限公司车轮分公司,101半钢外胎,100A2937,T145/65R20 105M # Giti 外,2021,7                             月,17113
乘用配套一组,FPT0514014,上汽大众汽车有限公司仪征分公司,101半钢外胎,100A2035,175/70R14 84T GitiComfort 220 v1 # Giti 外,2021,7                             月,4640
乘用配套一组,FPT0514014,上汽大众汽车有限公司仪征分公司,101半钢外胎,100A3080,T125/70R18 99M GitiWingro # Giti 外,2021,7                             月,1300
乘用配套一组,FPT0532007,长春一汽富维汽车零部件股份有限公司青岛车轮分公司,101半钢外胎,100A3067,205/55R16 91H GitiSynergy E1 VW # Giti 外,2021,7                             月,1216
乘用配套一组,FPT0536005,北汽福田汽车股份有限公司山东多功能汽车厂,101半钢外胎,100A1644,195/70R15C 10PR LT 104/101R MAXWAY # GT 外,2021,7                             月,230
乘用配套一组,FPT0536005,北汽福田汽车股份有限公司山东多功能汽车厂,101半钢外胎,100A1683,195R15C 106/104R 8PR LT GitiVan 600 # Giti 外,2021,7                             月,871
乘用配套一组,FPT0536005,北汽福田汽车股份有限公司山东多功能汽车厂,101半钢外胎,100A2416,205/70R15 100S XL GitiWingro W # Giti 外,2021,7                             月,115
乘用配套一组,FPT0536005,北汽福田汽车股份有限公司山东多功能汽车厂,101半钢外胎,100A2525,215/75R16LT 112/109R 10PR GitiVan 600 # Giti 外,2021,7                             月,815
乘用配套一组,FPT0551010,合肥长安汽车有限公司,101半钢外胎,100A1322,195/65R15 91H GitiComfort 228 # Giti 外,2021,7                             月,120
乘用配套一组,FPT0551010,合肥长安汽车有限公司,101半钢外胎,100A2648,195/55R15 85V GitiComfort 228 CHANGAN # Giti 外,2021,7                             月,264
乘用配套一组,FPT0551010,合肥长安汽车有限公司,101半钢外胎,100A3063,205/55R16 91V GitiComfort 228v1 CHANGAN # Giti 外,2021,7                             月,530
乘用配套一组,FPT0551010,合肥长安汽车有限公司,101半钢外胎,100A3599,T165/80R17 104M CHANGAN MK05 # Giti 外,2021,7                             月,36
乘用配套一组,FPT0551010,合肥长安汽车有限公司,101半钢外胎,100A3955,225/65R17 102H GitiComfort F50 CHANGAN # Giti 外,2021,7                             月,544
乘用配套一组,FPT0551010,合肥长安汽车有限公司,101半钢外胎,100A4193,T165/80R17 104M CHANGAN MK05 NEW # Giti 外,2021,7                             月,19790
乘用配套一组,FPT0757008,北汽福田汽车股份有限公司佛山汽车厂,101半钢外胎,100A2126,265/70R16 112T SAVERO HT PLUS # Giti 外,2021,7                             月,356
乘用配套一组,FPT0757008,北汽福田汽车股份有限公司佛山汽车厂,101半钢外胎,100A2150,265/65R17 112T SAVERO HT PLUS FOTON # Giti 外,2021,7                             月,579
乘用配套一组,FPT0757008,北汽福田汽车股份有限公司佛山汽车厂,101半钢外胎,100A2405,LT265/65R17 120/117S 10PR Giti4×4 AT100 RWL # Giti 外,2021,7                             月,21
乘用配套一组,FPT0757008,北汽福田汽车股份有限公司佛山汽车厂,101半钢外胎,100A2410,265/60R18 110S Giti4×4 AT100 RBL # Giti 外,2021,7                             月,76
乘用配套一组,FPT0757008,北汽福田汽车股份有限公司佛山汽车厂,101半钢外胎,100A3879,265/60R18 110H Giti4×4 HT152 FOTON # Giti 外,2021,7                             月,2370
乘用配套一组,FPT0757010,长春一汽富维汽车零部件股份有限公司佛山车轮分公司,101半钢外胎,100A3080,T125/70R18 99M GitiWingro # Giti 外,2021,7                             月,743
乘用配套一组,FPT0772001,上汽通用五菱汽车股份有限公司,101半钢外胎,100A1663,195/55R16 91H XL GitiComfort 228 SAIC # Giti 外,2021,7                             月,145
乘用配套一组,FPT0772001,上汽通用五菱汽车股份有限公司,101半钢外胎,100A2414,195/55R16 91H XL GitiComfort 228 SGMW # Giti 外,2021,7                             月,1115
乘用配套一组,FPT0772001,上汽通用五菱汽车股份有限公司,101半钢外胎,100A2426,205/55R16 94V XL GitiComfort 221 v1 SGMW1 # Giti 外,2021,7                             月,600
乘用配套一组,FPT0772001,上汽通用五菱汽车股份有限公司,101半钢外胎,100A2581,215/60R17 96H GitiComfort SUV 520 SGMW # Giti 外,2021,7                             月,7942
乘用配套一组,FPT0772001,上汽通用五菱汽车股份有限公司,101半钢外胎,100A2588,195/55R16 91H XL GitiComfort 228 SGMW1 # Giti 外,2021,7                             月,160
乘用配套一组,FPT0772001,上汽通用五菱汽车股份有限公司,101半钢外胎,100A2933,205/55R16 94V XL GitiComfort 221 v1 SGMW # Giti 外,2021,7                             月,95
乘用配套一组,FPT0772001,上汽通用五菱汽车股份有限公司,101半钢外胎,100A3065,205/60R16 92V GitiComfort 228v1 SGMW # Giti 外,2021,7                             月,3016
乘用配套一组,FPT0772001,上汽通用五菱汽车股份有限公司,101半钢外胎,100A4195,215/55R18 95V GitiComfort F50 SGMW # Giti 外,2021,7                             月,5638
乘用配套三组,FPT0010025,北京汽车销售有限公司,101半钢外胎,100A3246,215/50R17 91V GitiComfort 228v1 NEW # Giti 外,2021,7                             月,74
乘用配套三组,FPT0010030,北京海纳川汽车部件股份有限公司顺义分公司,101半钢外胎,100A3401,T165/90R19 119M GitiWingro # Giti 外,2021,7                             月,96
乘用配套三组,FPT0010039,北京新能源汽车营销有限公司,101半钢外胎,100A3521,215/50R17 95H XL GitiComfort 228v1 # Giti 外,2021,7                             月,50
乘用配套三组,FPT0010039,北京新能源汽车营销有限公司,101半钢外胎,100A3951,225/45R18 95V XL GitiComfort 225 V1 BAIC MOTOR # Giti 外,2021,7                             月,130
乘用配套三组,FPT0020017,北汽（广州）汽车有限公司,101半钢外胎,100A3409,235/60R18 103H GitiComfort 520V1 # Giti 外,2021,7                             月,2250
乘用配套三组,FPT0020018,广汽乘用车有限公司,101半钢外胎,100A3609,235/60R18 103H GitiComfort F50 JAC # Giti 外,2021,7                             月,8
乘用配套三组,FPT0020018,广汽乘用车有限公司,101半钢外胎,100A3635,225/55R18 98V GitiComfort F50 # Giti 外,2021,7                             月,25
乘用配套三组,FPT0020018,广汽乘用车有限公司,101半钢外胎,100A3719,215/50R17 95V XL GitiComfort F22 # Giti 外,2021,7                             月,6
乘用配套三组,FPT0020018,广汽乘用车有限公司,101半钢外胎,100A3802,215/60R17 96H GitiComfort F50 # Giti 外,2021,7                             月,36
乘用配套三组,FPT0020018,广汽乘用车有限公司,101半钢外胎,100A3882,215/55R18 95H GitiComfort F50 GAC # Giti 外,2021,7                             月,77
乘用配套三组,FPT0020018,广汽乘用车有限公司,101半钢外胎,100A3926,225/60R17 99H GitiComfort F50 GAC # Giti 外,2021,7                             月,4947
乘用配套三组,FPT0020018,广汽乘用车有限公司,101半钢外胎,100A4095,245/55R19 103H GitiControl P10 # Giti 外,2021,7                             月,26
乘用配套三组,FPT0020018,广汽乘用车有限公司,101半钢外胎,100A4175,205/55R16 91V GitiComfort F22 GAC # Giti 外,2021,7                             月,24
乘用配套三组,FPT0020018,广汽乘用车有限公司,101半钢外胎,100A4326,215/60R17 96H GitiComfort F50 WM # Giti 外,2021,7                             月,19
乘用配套三组,FPT0020018,广汽乘用车有限公司,101半钢外胎,100AJ652C,225/55R18 98V GitiComfort F50 # Giti 外,2021,7                             月,6000
乘用配套三组,FPT0021016,上海汽车集团股份有限公司,101半钢外胎,100A1349,175/60R13 77H GitiComfort 220 Giti 外,2021,7                             月,10
乘用配套三组,FPT0021016,上海汽车集团股份有限公司,101半钢外胎,100A1613,185/70R14 88H CHAMPIRO 728 SAIC # GT 外,2021,7                             月,37
乘用配套三组,FPT0021016,上海汽车集团股份有限公司,101半钢外胎,100A1663,195/55R16 91H XL GitiComfort 228 SAIC # Giti 外,2021,7                             月,8
乘用配套三组,FPT0021016,上海汽车集团股份有限公司,101半钢外胎,100A2373,195/65R15 91H GitiComfort 228 SGM # Giti 外,2021,7                             月,6
乘用配套三组,FPT0021016,上海汽车集团股份有限公司,101半钢外胎,100A2581,215/60R17 96H GitiComfort SUV 520 SGMW # Giti 外,2021,7                             月,102
乘用配套三组,FPT0021016,上海汽车集团股份有限公司,101半钢外胎,100A2933,205/55R16 94V XL GitiComfort 221 v1 SGMW # Giti 外,2021,7                             月,6
乘用配套三组,FPT0021016,上海汽车集团股份有限公司,101半钢外胎,100A3413,185/65R15 88H GitiComfort 228 SAIC ZP11 # Giti 外,2021,7                             月,62
乘用配套三组,FPT0021016,上海汽车集团股份有限公司,101半钢外胎,100A4194,265/60R18 110S Giti4×4 AT70 CHANGAN NEW # Giti 外,2021,7                             月,5
乘用配套三组,FPT0021016,上海汽车集团股份有限公司,101半钢外胎,100A4279,245/65R17 111H XL Giti4×4 HT152 # Giti 外,2021,7                             月,92
乘用配套三组,FPT0021025,上汽通用汽车销售有限公司,101半钢外胎,100A1614,175/70R13 82T GitiComfort 220 # Giti 外,2021,7                             月,464
乘用配套三组,FPT0021025,上汽通用汽车销售有限公司,101半钢外胎,100A2190,175/70R14 84T GitiComfort 220 v1 SGM # Giti 外,2021,7                             月,861
乘用配套三组,FPT0021025,上汽通用汽车销售有限公司,101半钢外胎,100A2373,195/65R15 91H GitiComfort 228 SGM # Giti 外,2021,7                             月,1248
乘用配套三组,FPT0021025,上汽通用汽车销售有限公司,101半钢外胎,100A3723,185/65R15 88H GitiComfort 220 v1 GEM # Giti 外,2021,7                             月,13
乘用配套三组,FPT0021040,安吉智行物流有限公司,101半钢外胎,100A1613,185/70R14 88H CHAMPIRO 728 SAIC # GT 外,2021,7                             月,3441
乘用配套三组,FPT0021040,安吉智行物流有限公司,101半钢外胎,100A1663,195/55R16 91H XL GitiComfort 228 SAIC # Giti 外,2021,7                             月,5281
乘用配套三组,FPT0021040,安吉智行物流有限公司,101半钢外胎,100A2581,215/60R17 96H GitiComfort SUV 520 SGMW # Giti 外,2021,7                             月,112
乘用配套三组,FPT0021040,安吉智行物流有限公司,101半钢外胎,100A3413,185/65R15 88H GitiComfort 228 SAIC ZP11 # Giti 外,2021,7                             月,8484
乘用配套三组,FPT0021044,无锡安谊汽车配件有限公司,101半钢外胎,100A3246,215/50R17 91V GitiComfort 228v1 NEW # Giti 外,2021,7                             月,132
乘用配套三组,FPT0021044,无锡安谊汽车配件有限公司,101半钢外胎,100A3699,215/55R17 98V XL GitiComfort 228v1 # Giti 外,2021,7                             月,1600
乘用配套三组,FPT0021044,无锡安谊汽车配件有限公司,101半钢外胎,100A4394,265/60R18 110H Giti4×4 HT152 SAIC MOTOR # Giti 外,2021,7                             月,75
乘用配套三组,FPT0027006,东风鸿泰控股集团有限公司汽车零部件集成分公司,101半钢外胎,100A3272,205/60R16 92V GitiComfort 228v1 DPCA # Giti 外,2021,7                             月,736
乘用配套三组,FPT0029009,陕西佳迪技术工业有限公司,101半钢外胎,100A147,235/65R17 104H GitiComfort SUV 520 # Giti 外,2021,7                             月,300
乘用配套三组,FPT0371005,郑州日产汽车有限公司,101半钢外胎,100A3030,245/70R16 111S XL GitiConquest HT150 # Giti 外,2021,7                             月,1400
乘用配套三组,FPT0371005,郑州日产汽车有限公司,101半钢外胎,100A3712,255/70R16 111T Giti4×4 AT70 RWL # Giti 外,2021,7                             月,1250
乘用配套三组,FPT0371005,郑州日产汽车有限公司,101半钢外胎,100A3811,255/60R18 112H XL Giti4×4 HT152 # Giti 外,2021,7                             月,320
乘用配套三组,FPT0535007,上汽通用东岳汽车有限公司,101半钢外胎,100A2190,175/70R14 84T GitiComfort 220 v1 SGM # Giti 外,2021,7                             月,13839
乘用配套三组,FPT0535007,上汽通用东岳汽车有限公司,101半钢外胎,100A3723,185/65R15 88H GitiComfort 220 v1 GEM # Giti 外,2021,7                             月,5084
乘用配套三组,FPT0571015,广汽乘用车（杭州）有限公司,101半钢外胎,100A3882,215/55R18 95H GitiComfort F50 GAC # Giti 外,2021,7                             月,6640
乘用配套三组,FPT0571015,广汽乘用车（杭州）有限公司,101半钢外胎,100A4175,205/55R16 91V GitiComfort F22 GAC # Giti 外,2021,7                             月,96
乘用配套三组,FPT0571015,广汽乘用车（杭州）有限公司,101半钢外胎,100AJ074A,235/50R19 99V GitiComfort F50 CHANGAN # Giti 外,2021,7                             月,15950
乘用配套三组,FPT0591004,东南(福建)汽车工业有限公司,101半钢外胎,100A3075,215/55R18 95V GitiComfort 520V1 DNZY # Giti 外,2021,7                             月,344
乘用配套三组,FPT0591004,东南(福建)汽车工业有限公司,101半钢外胎,100A3249,T125/85R16 99M # GT 外,2021,7                             月,234
乘用配套三组,FPT0717001,广汽乘用车有限公司宜昌分公司,101半钢外胎,100AF726B,225/50R17 94V GitiComfort F22 # Giti 外,2021,7                             月,48
乘用配套三组,FPT0717001,广汽乘用车有限公司宜昌分公司,101半钢外胎,100AJ121A,225/45R18 95V XL GitiComfort F22 ASYMMETRIC # Giti 外,2021,7                             月,7658
乘用配套三组,FPT0731007,北京汽车股份有限公司株洲分公司,101半钢外胎,100A1306,T125/80R15 95M # GT 外,2021,7                             月,1223
乘用配套三组,FPT0731007,北京汽车股份有限公司株洲分公司,101半钢外胎,100A3245,205/60R16 92V GitiComfort 228v1 BAIC MOTOR # Giti 外,2021,7                             月,624
乘用配套三组,FPT0731007,北京汽车股份有限公司株洲分公司,101半钢外胎,100A3246,215/50R17 91V GitiComfort 228v1 NEW # Giti 外,2021,7                             月,800
乘用配套三组,FPT0731007,北京汽车股份有限公司株洲分公司,101半钢外胎,100A3410,225/50R18 99H XL GitiComfort 225 BAIC MOTOR # Giti 外,2021,7                             月,196
乘用配套三组,FPT0731007,北京汽车股份有限公司株洲分公司,101半钢外胎,100A3521,215/50R17 95H XL GitiComfort 228v1 # Giti 外,2021,7                             月,9145
乘用配套三组,FPT0755007,深圳市比亚迪供应链管理有限公司,101半钢外胎,100A034,195/60R15 88H WINGRO # GT 外,2021,7                             月,8129
乘用配套三组,FPT0755007,深圳市比亚迪供应链管理有限公司,101半钢外胎,100A1325,205/55R16 91V GitiComfort 228 # Giti 外,2021,7                             月,300
乘用配套三组,FPT0755007,深圳市比亚迪供应链管理有限公司,101半钢外胎,100A2213,215/55R17 94V GitiComfort 225 # Giti 外,2021,7                             月,309
乘用配套三组,FPT0755007,深圳市比亚迪供应链管理有限公司,101半钢外胎,100A2346,205/60R16 92V GitiComfort 228v1 # Giti 外,2021,7                             月,700
乘用配套三组,FPT0755007,深圳市比亚迪供应链管理有限公司,101半钢外胎,100A2961,205/55R16 94H XL GitiTaxi 900 BYD # Giti 外,2021,7                             月,150
乘用配套三组,FPT0755007,深圳市比亚迪供应链管理有限公司,101半钢外胎,100A3082,T145/90R17 98M # Giti 外,2021,7                             月,4593
乘用配套三组,FPT0755007,深圳市比亚迪供应链管理有限公司,101半钢外胎,100A3234,205/55R16 94V XL GitiComfort 225 # Giti 外,2021,7                             月,300
乘用配套三组,FPT0755007,深圳市比亚迪供应链管理有限公司,101半钢外胎,100A3270,205/55R16 94V XL GitiComfort 221 v1 JAC # Giti 外,2021,7                             月,450
乘用配套三组,FPT0755007,深圳市比亚迪供应链管理有限公司,101半钢外胎,100A3526,225/60R18 100H GitiComfort SUV 520 BYD # Giti 外,2021,7                             月,5927
乘用配套三组,FPT0755007,深圳市比亚迪供应链管理有限公司,101半钢外胎,100A3664,225/50R18 99H XL GitiComfort 225 # Giti 外,2021,7                             月,354
乘用配套三组,FPT0755007,深圳市比亚迪供应链管理有限公司,101半钢外胎,100A3673,215/50R17 91V GitiComfort 228v1 BYD # Giti 外,2021,7                             月,25
乘用配套三组,FPT0755007,深圳市比亚迪供应链管理有限公司,101半钢外胎,100A3677,245/45ZR20 103W XL GitiControl SUV880 BYD # Giti 外,2021,7                             月,46
乘用配套三组,FPT0755007,深圳市比亚迪供应链管理有限公司,101半钢外胎,100A3682,225/65R17 102H GitiComfort SUV 520 GW # Giti 外,2021,7                             月,160
乘用配套三组,FPT0755007,深圳市比亚迪供应链管理有限公司,101半钢外胎,100A3724,235/50R19 99V GitiControl SUV880 # Giti 外,2021,7                             月,9186
乘用配套三组,FPT0755007,深圳市比亚迪供应链管理有限公司,101半钢外胎,100A3776,265/40R22 106V XL GitiComfort 225 V1 # Giti 外,2021,7                             月,15
乘用配套三组,FPT0755007,深圳市比亚迪供应链管理有限公司,101半钢外胎,100A3812,205/55R16 94V XL GitiComfort 228v1 BYD # Giti 外,2021,7                             月,778
乘用配套三组,FPT0755007,深圳市比亚迪供应链管理有限公司,101半钢外胎,100A3877,215/55R17 94V GitiComfort 228v1 BYD # Giti 外,2021,7                             月,10
乘用配套三组,FPT0755007,深圳市比亚迪供应链管理有限公司,101半钢外胎,100A3937,245/50R18 100V GitiComfort 225 V1 BYD # Giti 外,2021,7                             月,116
乘用配套三组,FPT0755007,深圳市比亚迪供应链管理有限公司,101半钢外胎,100A3977,245/45R20 103V XL GitiComfort 225 V1 BYD # Giti 外,2021,7                             月,9542
乘用配套三组,FPT0755007,深圳市比亚迪供应链管理有限公司,101半钢外胎,100A3982,205/50R17 93W XL GitiComfort 228v1 BYD-HD # Giti 外,2021,7                             月,70
乘用配套三组,FPT0755007,深圳市比亚迪供应链管理有限公司,101半钢外胎,100A4019,235/50R19 99V GitiComfort 225 V1 # Giti 外,2021,7                             月,13124
乘用配套三组,FPT0755007,深圳市比亚迪供应链管理有限公司,101半钢外胎,100A4241,205/50R17 93W XL GitiComfort 228v1 GEELY FE-5 # Giti 外,2021,7                             月,50
乘用配套三组,FPT0755007,深圳市比亚迪供应链管理有限公司,101半钢外胎,100A4499,215/55R17 94V GitiComfort F22 BYD # Giti 外,2021,7                             月,10382
乘用配套三组,FPT0755007,深圳市比亚迪供应链管理有限公司,101半钢外胎,100AG952A,225/60R16 98V GitiComfort F22 BYD # Giti 外,2021,7                             月,20
乘用配套三组,FPT0791001,江铃汽车股份有限公司,101半钢外胎,100A3475,P265/70R16 112T SAVERO HT PLUS JLZY # Giti 外,2021,7                             月,0
乘用配套三组,FPT0791004,江西五十铃汽车有限公司,101半钢外胎,100A2518,255/65R17 110S SAVERO HT PLUS # Giti 外,2021,7                             月,299
乘用配套三组,FPT0791004,江西五十铃汽车有限公司,101半钢外胎,100A2749,245/70R16 111S XL GitiConquest HT150 ISUZU # Giti 外,2021,7                             月,5610
乘用配套三组,FPT0791004,江西五十铃汽车有限公司,101半钢外胎,100A2936,255/60R18 112T XL GitiComfort 520V1 # Giti 外,2021,7                             月,177
乘用配套三组,FPT0791007,江铃汽车股份有限公司小蓝分公司,101半钢外胎,100A4099,P265/70R16 112T SAVERO HT PLUS JLZY # Giti 外,2021,7                             月,-865
乘用配套三组,FPT0791007,江铃汽车股份有限公司小蓝分公司,101半钢外胎,100A4192,245/70R17 110T Giti4×4 HT152A # Giti 外,2021,7                             月,-3100
乘用配套三组,FPT0791008,江西江铃集团新能源汽车营销有限公司,101半钢外胎,100A1349,175/60R13 77H GitiComfort 220 Giti 外,2021,7                             月,127
乘用配套三组,FPT0791009,江西中联智能物流有限公司,101半钢外胎,100A4099,P265/70R16 112T SAVERO HT PLUS JLZY # Giti 外,2021,7                             月,3077
乘用配套三组,FPT0791009,江西中联智能物流有限公司,101半钢外胎,100A4192,245/70R17 110T Giti4×4 HT152A # Giti 外,2021,7                             月,9074
乘用配套二组,FPT0010026,北京海纳川汽车部件股份有限公司北京分公司,101半钢外胎,100AF743A,215/50R18 96V XL GitiComfort 225 V1 # Giti 外,2021,7                             月,13508
乘用配套二组,FPT0023034,重庆市永川区长城汽车零部件有限公司,101半钢外胎,100A1426,215/75R15 100S Giti4×4 HT150 # Giti 外,2021,7                             月,6165
乘用配套二组,FPT0023034,重庆市永川区长城汽车零部件有限公司,101半钢外胎,100A3682,225/65R17 102H GitiComfort SUV 520 GW # Giti 外,2021,7                             月,33557
乘用配套二组,FPT0023034,重庆市永川区长城汽车零部件有限公司,101半钢外胎,100A3683,235/70R16 106T SAVERO HT PLUS GW # Giti 外,2021,7                             月,6790
乘用配套二组,FPT0023034,重庆市永川区长城汽车零部件有限公司,101半钢外胎,100A4008,235/65R18 106V GitiComfort F50 # Giti 外,2021,7                             月,9855
乘用配套二组,FPT0023034,重庆市永川区长城汽车零部件有限公司,101半钢外胎,100A4029,235/60R19 107H XL GitiComfort F50 # Giti 外,2021,7                             月,12794
乘用配套二组,FPT0023034,重庆市永川区长城汽车零部件有限公司,101半钢外胎,100A4201,235/60R18 103H GitiComfort SUV 520 GW # Giti 外,2021,7                             月,36848
乘用配套二组,FPT0023034,重庆市永川区长城汽车零部件有限公司,101半钢外胎,100A4573,235/65R18 106V GitiComfort F50 GW # Giti 外,2021,7                             月,3509
乘用配套二组,FPT0023034,重庆市永川区长城汽车零部件有限公司,101半钢外胎,100A4574,235/60R19 107H XL GitiComfort F50 GW # Giti 外,2021,7                             月,17362
乘用配套二组,FPT0028015,四川领吉汽车制造有限公司,101半钢外胎,100A3984,225/60R18 100H GitiComfort F50 GEELYZY # Giti 外,2021,7                             月,6280
乘用配套二组,FPT0028015,四川领吉汽车制造有限公司,101半钢外胎,100A4176,215/55R18 95V GitiComfort F50 BX11 # Giti 外,2021,7                             月,5886
乘用配套二组,FPT0312008,长城汽车股份有限公司徐水售后分公司,101半钢外胎,100A1313,185/65R15 88H GitiComfort 228 # Giti 外,2021,7                             月,85
乘用配套二组,FPT0312008,长城汽车股份有限公司徐水售后分公司,101半钢外胎,100A1325,205/55R16 91V GitiComfort 228 # Giti 外,2021,7                             月,2
乘用配套二组,FPT0312008,长城汽车股份有限公司徐水售后分公司,101半钢外胎,100A1426,215/75R15 100S Giti4×4 HT150 # Giti 外,2021,7                             月,7
乘用配套二组,FPT0312008,长城汽车股份有限公司徐水售后分公司,101半钢外胎,100A2129,235/70R16 106T SAVERO HT PLUS RWL # Giti 外,2021,7                             月,76
乘用配套二组,FPT0312008,长城汽车股份有限公司徐水售后分公司,101半钢外胎,100A2130,P235/65R17 104T SAVERO HT PLUS GREAT WALL # Giti 外,2021,7                             月,1
乘用配套二组,FPT0312008,长城汽车股份有限公司徐水售后分公司,101半钢外胎,100A2136,195/55R16 91H XL GitiComfort 228 # Giti 外,2021,7                             月,3
乘用配套二组,FPT0312008,长城汽车股份有限公司徐水售后分公司,101半钢外胎,100A2512,205/60R16 92H GitiComfort 221 Haval Giti 外,2021,7                             月,52
乘用配套二组,FPT0312008,长城汽车股份有限公司徐水售后分公司,101半钢外胎,100A3307,235/55R18 100V GitiComfort SUV 520 NEW # Giti 外,2021,7                             月,95
乘用配套二组,FPT0312008,长城汽车股份有限公司徐水售后分公司,101半钢外胎,100A3682,225/65R17 102H GitiComfort SUV 520 GW # Giti 外,2021,7                             月,617
乘用配套二组,FPT0312008,长城汽车股份有限公司徐水售后分公司,101半钢外胎,100A3683,235/70R16 106T SAVERO HT PLUS GW # Giti 外,2021,7                             月,49
乘用配套二组,FPT0312008,长城汽车股份有限公司徐水售后分公司,101半钢外胎,100A4201,235/60R18 103H GitiComfort SUV 520 GW # Giti 外,2021,7                             月,88
乘用配套二组,FPT0312008,长城汽车股份有限公司徐水售后分公司,101半钢外胎,100AF743A,215/50R18 96V XL GitiComfort 225 V1 # Giti 外,2021,7                             月,57
乘用配套二组,FPT0571014,浙江吉利新能源商用车集团有限公司,101半钢外胎,100A3814,225/65R17 102H Giti4×4 HT152 NEW # Giti 外,2021,7                             月,4
乘用配套二组,FPT0571014,浙江吉利新能源商用车集团有限公司,101半钢外胎,100AL311A,225/65R17 102H Giti4×4 HT152 NEW # Giti 外,2021,7                             月,40
乘用配套二组,FPT0571014,浙江吉利新能源商用车集团有限公司,101半钢外胎,100AL321A,225/55R18 98H Giti4×4 HT152 # Giti 外,2021,7                             月,45
乘用配套二组,FPT0574002,浙江远景汽配有限公司,101半钢外胎,100A1329,215/55R16 93V GitiComfort 228 # Giti 外,2021,7                             月,20
乘用配套二组,FPT0574002,浙江远景汽配有限公司,101半钢外胎,100A1663,195/55R16 91H XL GitiComfort 228 SAIC # Giti 外,2021,7                             月,1000
乘用配套二组,FPT0574002,浙江远景汽配有限公司,101半钢外胎,100A1684,225/60R17 99H GitiComfort SUV 520 # Giti 外,2021,7                             月,200
乘用配套二组,FPT0574002,浙江远景汽配有限公司,101半钢外胎,100A2039,185/60R15 84H GitiComfort 221 JLZY # Giti 外,2021,7                             月,350
乘用配套二组,FPT0574002,浙江远景汽配有限公司,101半钢外胎,100A2333,245/45R18 100V XL GitiComfort 228v1 # Giti 外,2021,7                             月,24
乘用配套二组,FPT0574002,浙江远景汽配有限公司,101半钢外胎,100A2581,215/60R17 96H GitiComfort SUV 520 SGMW # Giti 外,2021,7                             月,100
乘用配套二组,FPT0574002,浙江远景汽配有限公司,101半钢外胎,100A2586,205/55R16 91V GitiComfort 228v1 # Giti 外,2021,7                             月,3758
乘用配套二组,FPT0574002,浙江远景汽配有限公司,101半钢外胎,100A3016,215/60R17 96H GitiComfort SUV 520 GEELY # Giti 外,2021,7                             月,14928
乘用配套二组,FPT0574002,浙江远景汽配有限公司,101半钢外胎,100A3525,205/55R16 91V GitiComfort 228v1 FC-3AC # Giti 外,2021,7                             月,16088
乘用配套二组,FPT0574002,浙江远景汽配有限公司,101半钢外胎,100A3526,225/60R18 100H GitiComfort SUV 520 BYD # Giti 外,2021,7                             月,156
乘用配套二组,FPT0574002,浙江远景汽配有限公司,101半钢外胎,100A3601,215/55R17 94V GitiComfort F22 GEELY # Giti 外,2021,7                             月,7656
乘用配套二组,FPT0574002,浙江远景汽配有限公司,101半钢外胎,100A3666,215/55R16 93V GitiComfort 228v1 GEELY # Giti 外,2021,7                             月,72
乘用配套二组,FPT0574002,浙江远景汽配有限公司,101半钢外胎,100A3682,225/65R17 102H GitiComfort SUV 520 GW # Giti 外,2021,7                             月,104
乘用配套二组,FPT0574002,浙江远景汽配有限公司,101半钢外胎,100A3765,205/50R17 93W XL GitiComfort 228v1 GEELY-5HA # Giti 外,2021,7                             月,3848
乘用配套二组,FPT0574002,浙江远景汽配有限公司,101半钢外胎,100A3801,205/60R16 92V GitiComfort 228v1 GEELY GE11 # Giti 外,2021,7                             月,3464
乘用配套二组,FPT0574002,浙江远景汽配有限公司,101半钢外胎,100A3877,215/55R17 94V GitiComfort 228v1 BYD # Giti 外,2021,7                             月,70
乘用配套二组,FPT0574002,浙江远景汽配有限公司,101半钢外胎,100A3927,225/60R18 100H GitiComfort F50 GEELY # Giti 外,2021,7                             月,35614
乘用配套二组,FPT0574002,浙江远景汽配有限公司,101半钢外胎,100A4016,215/55R18 95V GitiComfort F50 GEELY # Giti 外,2021,7                             月,8064
乘用配套二组,FPT0574002,浙江远景汽配有限公司,101半钢外胎,100A4137,225/50R17 94V GitiComfort F22 GE12A # Giti 外,2021,7                             月,1294
乘用配套二组,FPT0574002,浙江远景汽配有限公司,101半钢外胎,100A4138,225/45R18 95V XL GitiComfort F22 ASYMMETRIC GE12A # Giti 外,2021,7                             月,9113
乘用配套二组,FPT0574002,浙江远景汽配有限公司,101半钢外胎,100A4178,215/55R17 94V GitiComfort F22 KC-2A # Giti 外,2021,7                             月,2576
乘用配套二组,FPT0574002,浙江远景汽配有限公司,101半钢外胎,100A4241,205/50R17 93W XL GitiComfort 228v1 GEELY FE-5 # Giti 外,2021,7                             月,2938
乘用配套二组,FPT0574002,浙江远景汽配有限公司,101半钢外胎,100A4245,225/65R17 102H GitiComfort F50 NL-3AB # Giti 外,2021,7                             月,561
乘用配套二组,FPT0579013,浙江英伦汽车有限公司,101半钢外胎,100A3810,225/55R18 102H XL GitiComfort 225 V1 # Giti 外,2021,7                             月,332
乘用配套二组,FPT0731015,长沙吉利汽车部件有限公司,101半钢外胎,100A3765,205/50R17 93W XL GitiComfort 228v1 GEELY-5HA # Giti 外,2021,7                             月,1560
乘用配套四组,FPT0378001,奇瑞汽车河南有限公司,101半钢外胎,100A4032,255/45R20 101H GitiComfort F50 # Giti 外,2021,7                             月,6112
乘用配套四组,FPT0477003,奇瑞汽车股份有限公司鄂尔多斯分公司,101半钢外胎,100A2137,195/65R15 91H CHAMPIRO 128 # GT 外,2021,7                             月,844
乘用配套四组,FPT0477003,奇瑞汽车股份有限公司鄂尔多斯分公司,101半钢外胎,100A2340,205/50R17 93W XL GitiComfort 228v1 # Giti 外,2021,7                             月,3900
乘用配套四组,FPT0514008,扬州江淮轻型汽车有限公司,101半钢外胎,100A2411,LT265/70R17 121/118S 10PR Giti4×4 AT100 RWL # Giti 外,2021,7                             月,400
乘用配套四组,FPT0536008,安徽江淮汽车集团股份有限公司山东分公司,101半钢外胎,120A3219,7.00R16 115/110N 12PR LT SUPER TRAVELER 668 # GT 丁基套,2021,7                             月,210
乘用配套四组,FPT0551001,安徽江淮汽车集团股份有限公司,101半钢外胎,120A1716,6.50R16 107/102N 10PR LT SUPER TRAVELER 668 GT 丁基套,2021,7                             月,94
乘用配套四组,FPT0551001,安徽江淮汽车集团股份有限公司,106全钢外胎,100EV1875P,7.00R16LT 8PR 107/102M PAL528 TT/TL 二次法 OE # PW 外,2021,7                             月,2
乘用配套四组,FPT0551001,安徽江淮汽车集团股份有限公司,106全钢外胎,100EV1910P,7.50R16LT 6PR 105/101M PAL528 # PW 外,2021,7                             月,1
乘用配套四组,FPT0551009,安徽江淮汽车集团股份有限公司商务车分公司,101半钢外胎,100A1684,225/60R17 99H GitiComfort SUV 520 # Giti 外,2021,7                             月,-1
乘用配套四组,FPT0551009,安徽江淮汽车集团股份有限公司商务车分公司,101半钢外胎,100A2415,215/65R16 102H XL GitiComfort 225 # Giti 外,2021,7                             月,51
乘用配套四组,FPT0551009,安徽江淮汽车集团股份有限公司商务车分公司,101半钢外胎,100A2416,205/70R15 100S XL GitiWingro W # Giti 外,2021,7                             月,162
乘用配套四组,FPT0551009,安徽江淮汽车集团股份有限公司商务车分公司,101半钢外胎,100A3345,185/75R16LT 102/99R 8PR GitiVan 600 # Giti 外,2021,7                             月,18
乘用配套四组,FPT0551009,安徽江淮汽车集团股份有限公司商务车分公司,101半钢外胎,100A3659,225/60R17 99H GitiComfort 225 GEELY # Giti 外,2021,7                             月,36
乘用配套四组,FPT0551017,安徽江淮汽车集团股份有限公司轿车分公司,101半钢外胎,100A2124,175/65R14 82H GitiWingro # Giti 外,2021,7                             月,44
乘用配套四组,FPT0551017,安徽江淮汽车集团股份有限公司轿车分公司,101半钢外胎,100A2148,185/60R15 84H GitiComfort 221 # Giti 外,2021,7                             月,36
乘用配套四组,FPT0551017,安徽江淮汽车集团股份有限公司轿车分公司,101半钢外胎,100A2548,225/55R18 98V GitiComfort SUV 520 # Giti 外,2021,7                             月,504
乘用配套四组,FPT0551017,安徽江淮汽车集团股份有限公司轿车分公司,101半钢外胎,100A2671,205/50R17 93W XL GitiComfort 225 # Giti 外,2021,7                             月,100
乘用配套四组,FPT0551017,安徽江淮汽车集团股份有限公司轿车分公司,101半钢外胎,100A3073,185/65R15 88H GitiComfort 221 JAC # Giti 外,2021,7                             月,40
乘用配套四组,FPT0551017,安徽江淮汽车集团股份有限公司轿车分公司,101半钢外胎,100A3270,205/55R16 94V XL GitiComfort 221 v1 JAC # Giti 外,2021,7                             月,4852
乘用配套四组,FPT0551017,安徽江淮汽车集团股份有限公司轿车分公司,101半钢外胎,100A3609,235/60R18 103H GitiComfort F50 JAC # Giti 外,2021,7                             月,28
乘用配套四组,FPT0551017,安徽江淮汽车集团股份有限公司轿车分公司,101半钢外胎,100A3719,215/50R17 95V XL GitiComfort F22 # Giti 外,2021,7                             月,1618
乘用配套四组,FPT0551017,安徽江淮汽车集团股份有限公司轿车分公司,101半钢外胎,100A4011,T155/80R17 111M GitiWingro # Giti 外,2021,7                             月,2700
乘用配套四组,FPT0551017,安徽江淮汽车集团股份有限公司轿车分公司,101半钢外胎,100A4026,T125/80R17 99M GW # GT 外,2021,7                             月,1608
乘用配套四组,FPT0551017,安徽江淮汽车集团股份有限公司轿车分公司,101半钢外胎,100A4082,215/55R17 94V GitiComfort F22 JAC # Giti 外,2021,7                             月,692
乘用配套四组,FPT0551017,安徽江淮汽车集团股份有限公司轿车分公司,101半钢外胎,100A4322,165/65R14 79T GitiComfort 220 # Giti 外,2021,7                             月,44
乘用配套四组,FPT0551022,安徽江淮汽车集团股份有限公司多功能商用车分公司,101半钢外胎,100A3345,185/75R16LT 102/99R 8PR GitiVan 600 # Giti 外,2021,7                             月,294
乘用配套四组,FPT0551026,安徽江淮汽车集团股份有限公司重型车分公司,106全钢外胎,100EV1763Q,295/80R22.5 18PR 152/149M GAL836+ 3PMSF 4B # Giti 外,2021,7                             月,21
乘用配套四组,FPT0551026,安徽江淮汽车集团股份有限公司重型车分公司,106全钢外胎,100EV448P,13R22.5 18PR 154/150(156/150)L(K) PW01 M+S EXPORT # PW 外,2021,7                             月,22
乘用配套四组,FPT0551036,安徽江淮汽车集团股份有限公司轻型商用车分公司,101半钢外胎,100A3219,7.00R16 115/110N 12PR LT SUPER TRAVELER 668 # GT 外,2021,7                             月,150
乘用配套四组,FPT0551036,安徽江淮汽车集团股份有限公司轻型商用车分公司,101半钢外胎,120A1716,6.50R16 107/102N 10PR LT SUPER TRAVELER 668 GT 丁基套,2021,7                             月,1029
乘用配套四组,FPT0551036,安徽江淮汽车集团股份有限公司轻型商用车分公司,101半钢外胎,120A1717,7.50R16 122/118N 14PR LT SUPER TRAVELER 668 SS GT 丁基套,2021,7                             月,518
乘用配套四组,FPT0551036,安徽江淮汽车集团股份有限公司轻型商用车分公司,101半钢外胎,120A3219,7.00R16 115/110N 12PR LT SUPER TRAVELER 668 # GT 丁基套,2021,7                             月,1305
乘用配套四组,FPT0551036,安徽江淮汽车集团股份有限公司轻型商用车分公司,106全钢外胎,100EV1119P,7.50R16LT 14PR 122/118M PAL528 TL new # PW 外,2021,7                             月,90
乘用配套四组,FPT0551036,安徽江淮汽车集团股份有限公司轻型商用车分公司,106全钢外胎,100EV1201Q,205/75R17.5 14PR 124/122M GAR820 M+S SNOW # Giti 外,2021,7                             月,580
乘用配套四组,FPT0551036,安徽江淮汽车集团股份有限公司轻型商用车分公司,106全钢外胎,100EV1454Q,215/75R17.5 16PR 127/124M GAR820 3PMSF OE # Giti 外,2021,7                             月,490
乘用配套四组,FPT0551036,安徽江淮汽车集团股份有限公司轻型商用车分公司,106全钢外胎,100EV1875P,7.00R16LT 8PR 107/102M PAL528 TT/TL 二次法 OE # PW 外,2021,7                             月,2163
乘用配套四组,FPT0551036,安徽江淮汽车集团股份有限公司轻型商用车分公司,106全钢外胎,100EV1893Q00,255/70R22.5 16PR 140/137M GAL817 4B LRR # Giti 外,2021,7                             月,557
乘用配套四组,FPT0551036,安徽江淮汽车集团股份有限公司轻型商用车分公司,106全钢外胎,100EV1910P,7.50R16LT 6PR 105/101M PAL528 # PW 外,2021,7                             月,1274
乘用配套四组,FPT0551036,安徽江淮汽车集团股份有限公司轻型商用车分公司,106全钢外胎,100EV581P,215/75R17.5 12PR 126/124M PW212 # PW 外,2021,7                             月,966
乘用配套四组,FPT0551036,安徽江淮汽车集团股份有限公司轻型商用车分公司,106全钢外胎,100EV640G,235/75R17.5 16PR 143/141(144/144)J(F) GT879 EXPORT # GT 外,2021,7                             月,728
乘用配套四组,FPT0551036,安徽江淮汽车集团股份有限公司轻型商用车分公司,106全钢外胎,120E1380Q,8.25R16LT 16PR 128/124K GDM607 Giti 丁基套,2021,7                             月,5
乘用配套四组,FPT0551036,安徽江淮汽车集团股份有限公司轻型商用车分公司,106全钢外胎,120EV026P,8.25R20  16PR 139/137M PW01 # PW 丁基套,2021,7                             月,7
乘用配套四组,FPT0551036,安徽江淮汽车集团股份有限公司轻型商用车分公司,106全钢外胎,120EV1385Q,8.25R16LT 16PR 128/124M GAL816+ 4B # Giti 丁基套,2021,7                             月,2
乘用配套四组,FPT0551036,安徽江淮汽车集团股份有限公司轻型商用车分公司,106全钢外胎,120EV2260P,8.25R16LT 14PR 126/122M PW01 CR # PW 丁基套,2021,7                             月,252
乘用配套四组,FPT0553001,奇瑞汽车股份有限公司,101半钢外胎,100A130,215/60R17 96H GitiComfort SUV 520 Giti 外,2021,7                             月,3924
乘用配套四组,FPT0553001,奇瑞汽车股份有限公司,101半钢外胎,100A1311,185/60R15 84H GitiComfort 228 QRZY # Giti 外,2021,7                             月,4000
乘用配套四组,FPT0553001,奇瑞汽车股份有限公司,101半钢外胎,100A2101,205/55R16 91V GitiComfort 228 QRZY # Giti 外,2021,7                             月,468
乘用配套四组,FPT0553001,奇瑞汽车股份有限公司,101半钢外胎,100A2137,195/65R15 91H CHAMPIRO 128 # GT 外,2021,7                             月,4
乘用配套四组,FPT0553001,奇瑞汽车股份有限公司,101半钢外胎,100A222,T125/70R16 96M # GT 外,2021,7                             月,11817
乘用配套四组,FPT0553001,奇瑞汽车股份有限公司,101半钢外胎,100A2340,205/50R17 93W XL GitiComfort 228v1 # Giti 外,2021,7                             月,1608
乘用配套四组,FPT0553001,奇瑞汽车股份有限公司,101半钢外胎,100A2630,225/60R18 100V GitiComfort 520V1 # Giti 外,2021,7                             月,3170
乘用配套四组,FPT0553001,奇瑞汽车股份有限公司,101半钢外胎,100A2661,205/55R16 91V GitiComfort 228v1 QR # Giti 外,2021,7                             月,7668
乘用配套四组,FPT0553001,奇瑞汽车股份有限公司,101半钢外胎,100A3054,215/55R18 95H GitiComfort 520V1 QR # Giti 外,2021,7                             月,8492
乘用配套四组,FPT0553001,奇瑞汽车股份有限公司,101半钢外胎,100A3522,205/50R17 93V XL GitiComfort F22 QR # Giti 外,2021,7                             月,11700
乘用配套四组,FPT0553001,奇瑞汽车股份有限公司,101半钢外胎,100A3730,215/60R17 96H GitiComfort 520V1 QR # Giti 外,2021,7                             月,3452
乘用配套四组,FPT0553008,宜宾凯翼汽车有限公司,101半钢外胎,100A3054,215/55R18 95H GitiComfort 520V1 QR # Giti 外,2021,7                             月,400
乘用配套四组,FPT0553008,宜宾凯翼汽车有限公司,101半钢外胎,100A3730,215/60R17 96H GitiComfort 520V1 QR # Giti 外,2021,7                             月,5900
乘用配套四组,FPT0553013,芜湖金桔科技有限公司,101半钢外胎,100A130,215/60R17 96H GitiComfort SUV 520 Giti 外,2021,7                             月,2700
乘用配套四组,FPT0553014,奇瑞商用车（安徽）有限公司专用车分公司,101半钢外胎,100A4032,255/45R20 101H GitiComfort F50 # Giti 外,2021,7                             月,4404
乘用配套四组,FPT0556001,安徽江淮汽车集团股份有限公司安庆分公司,101半钢外胎,100A1003,T135/70R16 101M # GT 外,2021,7                             月,-4
乘用配套四组,FPT0556002,安庆振风新能源汽车科技有限公司,101半钢外胎,100A3765,205/50R17 93W XL GitiComfort 228v1 GEELY-5HA # Giti 外,2021,7                             月,205
乘用配套四组,FPT0556002,安庆振风新能源汽车科技有限公司,101半钢外胎,100A4026,T125/80R17 99M GW # GT 外,2021,7                             月,50
乘用配套四组,FPT0556002,安庆振风新能源汽车科技有限公司,101半钢外胎,100A4322,165/65R14 79T GitiComfort 220 # Giti 外,2021,7                             月,8256
乘用配套四组,FPT0556002,安庆振风新能源汽车科技有限公司,101半钢外胎,100AG261B,185/65R15 88T GitiComfort F22 SVW # Giti 外,2021,7                             月,-182
乘用配套四组,FPT0558004,安徽江淮汽车集团股份有限公司阜阳分公司,106全钢外胎,100EV2151P,275/80R22.5 18PR 149/146M PAL525 OE # PW 外,2021,7                             月,154
乘用配套四组,FPT0558004,安徽江淮汽车集团股份有限公司阜阳分公司,106全钢外胎,100EV345Q,315/60R22.5 18PR 152/148M GSR225 3PMSF 4B # Giti 外,2021,7                             月,126
乘用配套四组,FPT0576006,安徽江淮安驰汽车有限公司,101半钢外胎,100A2415,215/65R16 102H XL GitiComfort 225 # Giti 外,2021,7                             月,2005
乘用配套四组,FPT0576006,安徽江淮安驰汽车有限公司,101半钢外胎,100A3794,235/50R18 101H XL GitiComfort F22 ASYMMETRIC # Giti 外,2021,7                             月,76
商用配套A区,FPT0028006,现代商用汽车（中国）有限公司,106全钢外胎,100EV1411Q,315/80R22.5 18PR 154/151M GAL836 3PMSF 4B # Giti 外,2021,7                             月,3
商用配套A区,FPT0028006,现代商用汽车（中国）有限公司,106全钢外胎,100EV1658P,295/80R22.5 18PR 152/149M PAL520 4B # PW 外,2021,7                             月,128
商用配套A区,FPT0028006,现代商用汽车（中国）有限公司,106全钢外胎,100EV2370P,7.00R16LT 10PR 111/107M PAR866 TT/TL OE # PW 外,2021,7                             月,7
商用配套A区,FPT0028006,现代商用汽车（中国）有限公司,106全钢外胎,120EV2370P,7.00R16LT 10PR 111/107M PAR866 TT/TL OE # PW 丁基套,2021,7                             月,154
商用配套A区,FPT0531006,中国重汽集团济南商用车有限公司,106全钢外胎,100EV1763Q,295/80R22.5 18PR 152/149M GAL836+ 3PMSF 4B # Giti 外,2021,7                             月,1554
商用配套A区,FPT0531006,中国重汽集团济南商用车有限公司,106全钢外胎,100EV2390Q,205/85R16LT 8PR★★ 107/103M GSR235 M+S OE # Giti 外,2021,7                             月,168
商用配套A区,FPT0719001,东风商用车有限公司,106全钢外胎,100EV1797P,295/80R22.5 18PR 152/149M PAL520 4B OE # PW 外,2021,7                             月,435
商用配套A区,FPT0719001,东风商用车有限公司,106全钢外胎,100EV1853P,12R22.5 18PR 152/149M PAL517 4B OE # PW 外,2021,7                             月,523
商用配套A区,FPT0719001,东风商用车有限公司,106全钢外胎,100EV1901P,12R22.5 18PR 152/149M PAL526 标载型 OE # PW 外,2021,7                             月,135
商用配套A区,FPT0719001,东风商用车有限公司,106全钢外胎,100EV1902P,12R22.5 18PR 152/149M PAL525 标载型 # PW 外,2021,7                             月,3526
商用配套A区,FPT0719001,东风商用车有限公司,106全钢外胎,120EV1513P,12.00R20 18PR 154/151K PW01 二次法 # PW 丁基套,2021,7                             月,442
商用配套A区,FPT0719001,东风商用车有限公司,106全钢外胎,120EV1860P,11.00R20 18PR 152/149K PW02 4B OE # PW 丁基套,2021,7                             月,522
商用配套A区,FPT0719001,东风商用车有限公司,106全钢外胎,120EV1867P,11.00R20 18PR 152/149K PW01 二次法 OE # PW 丁基套,2021,7                             月,203
商用配套A区,FPT0719001,东风商用车有限公司,106全钢外胎,120EV2320P,9.00R20 16PR 144/142L PW02 # PW 丁基套,2021,7                             月,287
商用配套A区,FPT0719001,东风商用车有限公司,106全钢外胎,120EV2434P,11.00R20 18PR 152/149K PW602 M+S OE 二次法 # PW 丁基套,2021,7                             月,144
商用配套A区,FPT0772004,东风柳州汽车有限公司（商用车）,106全钢外胎,100EV1562Q,295/60R22.5 18PR 150/147L GSR225 3PMSF 4B # Giti 外,2021,7                             月,161
商用配套A区,FPT0772004,东风柳州汽车有限公司（商用车）,106全钢外胎,100EV1658P,295/80R22.5 18PR 152/149M PAL520 4B # PW 外,2021,7                             月,13
商用配套A区,FPT0772004,东风柳州汽车有限公司（商用车）,106全钢外胎,100EV1797P,295/80R22.5 18PR 152/149M PAL520 4B OE # PW 外,2021,7                             月,77
商用配套A区,FPT0772004,东风柳州汽车有限公司（商用车）,106全钢外胎,100EV1902P,12R22.5 18PR 152/149M PAL525 标载型 # PW 外,2021,7                             月,1008
商用配套A区,FPT0772004,东风柳州汽车有限公司（商用车）,106全钢外胎,100EV2151P,275/80R22.5 18PR 149/146M PAL525 OE # PW 外,2021,7                             月,11
商用配套A区,FPT0772004,东风柳州汽车有限公司（商用车）,106全钢外胎,100EV2238P,12R22.5 18PR 152/149M PSR255 4B OE # PW 外,2021,7                             月,1033
商用配套A区,FPT0772004,东风柳州汽车有限公司（商用车）,106全钢外胎,100EV2429P,12R22.5 18PR 152/149M PSR255 4B OE # PW 外,2021,7                             月,4631
商用配套A区,FPT0772004,东风柳州汽车有限公司（商用车）,106全钢外胎,120EV037P,9.00R20 16PR 144/142K PW02 # PW 丁基套,2021,7                             月,28
商用配套A区,FPT0772004,东风柳州汽车有限公司（商用车）,106全钢外胎,120EV1394P,12.00R20 16PR 152/149K PW01 二次法 OE * # PW 丁基套,2021,7                             月,253
商用配套A区,FPT0772004,东风柳州汽车有限公司（商用车）,106全钢外胎,120EV1513P,12.00R20 18PR 154/151K PW01 二次法 # PW 丁基套,2021,7                             月,209
商用配套A区,FPT0772004,东风柳州汽车有限公司（商用车）,106全钢外胎,120EV1815P,10.00R20 18PR 149/146K PW02 OE # PW 丁基套,2021,7                             月,189
商用配套B区,FPT0010023,北京福田戴姆勒汽车有限公司,106全钢外胎,100E1141P,12R22.5 16PR 150/147K PAL526 标载型 PW 外,2021,7                             月,2884
商用配套B区,FPT0010023,北京福田戴姆勒汽车有限公司,106全钢外胎,100E1777P,12R22.5 18PR 152/149M PW622A M+S SNOW 4B PW 外,2021,7                             月,928
商用配套B区,FPT0010023,北京福田戴姆勒汽车有限公司,106全钢外胎,100E1884P,12R22.5 16PR 150/147K PAL526 OE 标载型 PW 外,2021,7                             月,2889
商用配套B区,FPT0010023,北京福田戴姆勒汽车有限公司,106全钢外胎,100E1901P,12R22.5 18PR 152/149M PAL526 OE 标载型 PW 外,2021,7                             月,6763
商用配套B区,FPT0010023,北京福田戴姆勒汽车有限公司,106全钢外胎,100EV1797P,295/80R22.5 18PR 152/149M PAL520 4B OE # PW 外,2021,7                             月,33
商用配套B区,FPT0010023,北京福田戴姆勒汽车有限公司,106全钢外胎,100EV1901P,12R22.5 18PR 152/149M PAL526 标载型 OE # PW 外,2021,7                             月,360
商用配套B区,FPT0010023,北京福田戴姆勒汽车有限公司,106全钢外胎,100EV345Q,315/60R22.5 18PR 152/148M GSR225 3PMSF 4B # Giti 外,2021,7                             月,21
商用配套B区,FPT0010023,北京福田戴姆勒汽车有限公司,106全钢外胎,100EV387P,295/80R22.5 18PR 152/149M PW602 M+S # PW 外,2021,7                             月,88
商用配套B区,FPT0010023,北京福田戴姆勒汽车有限公司,106全钢外胎,120EV1513P,12.00R20 18PR 154/151K PW01 二次法 # PW 丁基套,2021,7                             月,595
商用配套B区,FPT0010023,北京福田戴姆勒汽车有限公司,106全钢外胎,120EV1867P,11.00R20 18PR 152/149K PW01 二次法 OE # PW 丁基套,2021,7                             月,45
商用配套B区,FPT0010043,戴姆勒（中国）商用车投资有限公司,106全钢外胎,100EV1769Q0,295/80R22.5 18PR 152/149M GAL836A 3PMSF 4B OE # Giti 外,2021,7                             月,12
商用配套B区,FPT0010043,戴姆勒（中国）商用车投资有限公司,106全钢外胎,100EV2404Q,315/70R22.5 20PR 154/151M GDR207 M+S 4B # Giti 外,2021,7                             月,216
商用配套B区,FPT0010043,戴姆勒（中国）商用车投资有限公司,106全钢外胎,100EV2405Q,315/70R22.5 20PR 154/151M GAR206 M+S 4B OE # Giti 外,2021,7                             月,64
商用配套B区,FPT0010043,戴姆勒（中国）商用车投资有限公司,106全钢外胎,100EV2450Q0,295/80R22.5 18PR 152/149M GDL636A 3PMSF 4B OE # Giti 外,2021,7                             月,48
商用配套B区,FPT0010043,戴姆勒（中国）商用车投资有限公司,106全钢外胎,100EV342Q,315/60R22.5 18PR 152/148L GDL617 M+S SNOW 4B # Giti 外,2021,7                             月,80
商用配套B区,FPT0010043,戴姆勒（中国）商用车投资有限公司,106全钢外胎,100EV345Q,315/60R22.5 18PR 152/148M GSR225 3PMSF 4B # Giti 外,2021,7                             月,30
商用配套B区,FPT0370003,河南福田智蓝新能源汽车有限公司,106全钢外胎,100EV1119P,7.50R16LT 14PR 122/118M PAL528 TL new # PW 外,2021,7                             月,98
商用配套B区,FPT0370003,河南福田智蓝新能源汽车有限公司,106全钢外胎,100EV1875P,7.00R16LT 8PR 107/102M PAL528 TT/TL 二次法 OE # PW 外,2021,7                             月,3989
商用配套B区,FPT0370003,河南福田智蓝新能源汽车有限公司,106全钢外胎,120EV026P,8.25R20  16PR 139/137M PW01 # PW 丁基套,2021,7                             月,7
商用配套B区,FPT0472002,北奔重型汽车集团有限公司,106全钢外胎,100E1902P,12R22.5 18PR 152/149M PAL525 标载型 PW 外,2021,7                             月,457
商用配套B区,FPT0472002,北奔重型汽车集团有限公司,106全钢外胎,100E2238P,12R22.5 18PR 152/149M PSR255 4B OE PW 外,2021,7                             月,6
商用配套B区,FPT0472002,北奔重型汽车集团有限公司,106全钢外胎,100E548P,315/80R22.5 18PR 154/151(156/151)M(L) PW602 M+S PW 外,2021,7                             月,134
商用配套B区,FPT0472002,北奔重型汽车集团有限公司,106全钢外胎,100EV712P,315/80R22.5 18PR 154/151(156/151)L(K) PW01 M+S # PW 外,2021,7                             月,86
商用配套B区,FPT0472002,北奔重型汽车集团有限公司,106全钢外胎,120EV1513P,12.00R20 18PR 154/151K PW01 二次法 # PW 丁基套,2021,7                             月,298
商用配套B区,FPT0535010,山东汽车制造有限公司,106全钢外胎,100E1910P,7.50R16LT 6PR 105/101M PAL528 OE PW 外,2021,7                             月,1400
商用配套B区,FPT0535010,山东汽车制造有限公司,106全钢外胎,100EV1910P,7.50R16LT 6PR 105/101M PAL528 # PW 外,2021,7                             月,343
商用配套B区,FPT0536001,北汽福田汽车股份有限公司诸城奥铃汽车厂,101半钢外胎,100A1718,205/75R16C 113/111R 10PR LT MAXMILER EX # GT 外,2021,7                             月,70
商用配套B区,FPT0536001,北汽福田汽车股份有限公司诸城奥铃汽车厂,106全钢外胎,100E1879P,7.00R16LT 8PR 107/102M PAL528 OE PW 外,2021,7                             月,7531
商用配套B区,FPT0536001,北汽福田汽车股份有限公司诸城奥铃汽车厂,106全钢外胎,100E1910P,7.50R16LT 6PR 105/101M PAL528 OE PW 外,2021,7                             月,508
商用配套B区,FPT0536001,北汽福田汽车股份有限公司诸城奥铃汽车厂,106全钢外胎,100EV1582P,9.5R17.5 16PR 133/131M PAR560 3PMSF 4B OE # PW 外,2021,7                             月,3
商用配套B区,FPT0536001,北汽福田汽车股份有限公司诸城奥铃汽车厂,106全钢外胎,100EV1879P,7.00R16LT 8PR 107/102M PAL528 OE # PW 外,2021,7                             月,132
商用配套B区,FPT0536001,北汽福田汽车股份有限公司诸城奥铃汽车厂,106全钢外胎,100EV1910P,7.50R16LT 6PR 105/101M PAL528 # PW 外,2021,7                             月,934
商用配套B区,FPT0536001,北汽福田汽车股份有限公司诸城奥铃汽车厂,106全钢外胎,120E1532P,8.25R20 16PR 139/137M PW01 OE 减沟深 PW 丁基套,2021,7                             月,10
商用配套B区,FPT0536001,北汽福田汽车股份有限公司诸城奥铃汽车厂,106全钢外胎,120EV2260P,8.25R16LT 14PR 126/122M PW01 CR # PW 丁基套,2021,7                             月,133
商用配套B区,FPT0536003,北汽福田汽车股份有限公司诸城汽车厂,106全钢外胎,100E1119P,7.50R16LT 14PR 122/118M PAL528 TL new PW 外,2021,7                             月,210
商用配套B区,FPT0536003,北汽福田汽车股份有限公司诸城汽车厂,106全钢外胎,100E1876P,7.00R16LT 8PR 107/102M PAL528 TT/TL OE PW 外,2021,7                             月,3
商用配套B区,FPT0536003,北汽福田汽车股份有限公司诸城汽车厂,106全钢外胎,100E1879P,7.00R16LT 8PR 107/102M PAL528 OE PW 外,2021,7                             月,600
商用配套B区,FPT0536003,北汽福田汽车股份有限公司诸城汽车厂,106全钢外胎,100E1910P,7.50R16LT 6PR 105/101M PAL528 OE PW 外,2021,7                             月,729
商用配套B区,FPT0536003,北汽福田汽车股份有限公司诸城汽车厂,106全钢外胎,100E1926P,11R22.5 18PR 149/146M PAL525 OE 4B PW 外,2021,7                             月,11407
商用配套B区,FPT0536003,北汽福田汽车股份有限公司诸城汽车厂,106全钢外胎,100E2151P,275/80R22.5 18PR 149/146M PAL525  4B OE PW 外,2021,7                             月,816
商用配套B区,FPT0536003,北汽福田汽车股份有限公司诸城汽车厂,106全钢外胎,100EV1323P,11R22.5 16PR 148/145M PW01 M+S # PW 外,2021,7                             月,63
商用配套B区,FPT0536003,北汽福田汽车股份有限公司诸城汽车厂,106全钢外胎,100EV1353P,10R22.5 16PR 144/142M PAL517 4B # PW 外,2021,7                             月,8
商用配套B区,FPT0536003,北汽福田汽车股份有限公司诸城汽车厂,106全钢外胎,100EV1853P,12R22.5 18PR 152/149M PAL517 4B OE # PW 外,2021,7                             月,10
商用配套B区,FPT0536003,北汽福田汽车股份有限公司诸城汽车厂,106全钢外胎,100EV1879P,7.00R16LT 8PR 107/102M PAL528 OE # PW 外,2021,7                             月,125
商用配套B区,FPT0536003,北汽福田汽车股份有限公司诸城汽车厂,106全钢外胎,100EV1908P,12R22.5 18PR 152/149L PAM539 二次法 NEW # PW 外,2021,7                             月,16
商用配套B区,FPT0536003,北汽福田汽车股份有限公司诸城汽车厂,106全钢外胎,100EV1910P,7.50R16LT 6PR 105/101M PAL528 # PW 外,2021,7                             月,328
商用配套B区,FPT0536003,北汽福田汽车股份有限公司诸城汽车厂,106全钢外胎,100EV2151P,275/80R22.5 18PR 149/146M PAL525 OE # PW 外,2021,7                             月,1197
商用配套B区,FPT0536003,北汽福田汽车股份有限公司诸城汽车厂,106全钢外胎,120E1384P,8.25R16LT 16PR 128/124M PW01 CR PW 丁基套,2021,7                             月,7
商用配套B区,FPT0536003,北汽福田汽车股份有限公司诸城汽车厂,106全钢外胎,120E1879P,7.00R16LT 8PR 107/102M PAL528 OE PW 丁基套,2021,7                             月,259
商用配套B区,FPT0536003,北汽福田汽车股份有限公司诸城汽车厂,106全钢外胎,120EV1879P,7.00R16LT 8PR 107/102M PAL528 OE # PW 丁基套,2021,7                             月,21
商用配套B区,FPT0536003,北汽福田汽车股份有限公司诸城汽车厂,106全钢外胎,120EV2320P,9.00R20 16PR 144/142L PW02 # PW 丁基套,2021,7                             月,269
商用配套B区,FPT0536009,北汽福田汽车股份有限公司诸城汽车厂M4,101半钢外胎,100A1683,195R15C 106/104R 8PR LT GitiVan 600 # Giti 外,2021,7                             月,14
商用配套B区,FPT0536009,北汽福田汽车股份有限公司诸城汽车厂M4,101半钢外胎,100A1718,205/75R16C 113/111R 10PR LT MAXMILER EX # GT 外,2021,7                             月,70
商用配套B区,FPT0536009,北汽福田汽车股份有限公司诸城汽车厂M4,106全钢外胎,100E1119P,7.50R16LT 14PR 122/118M PAL528 TL new PW 外,2021,7                             月,3136
商用配套B区,FPT0536009,北汽福田汽车股份有限公司诸城汽车厂M4,106全钢外胎,100E1870P,7.00R16LT 12PR 115/110M PAL528 TL PW 外,2021,7                             月,14
商用配套B区,FPT0536009,北汽福田汽车股份有限公司诸城汽车厂M4,106全钢外胎,100E1879P,7.00R16LT 8PR 107/102M PAL528 OE PW 外,2021,7                             月,7334
商用配套B区,FPT0536009,北汽福田汽车股份有限公司诸城汽车厂M4,106全钢外胎,100E1910P,7.50R16LT 6PR 105/101M PAL528 OE PW 外,2021,7                             月,17400
商用配套B区,FPT0536009,北汽福田汽车股份有限公司诸城汽车厂M4,106全钢外胎,100E2300P,7.50R16LT 16PR 125/121M PAR866 TT/TL PW 外,2021,7                             月,65
商用配套B区,FPT0536009,北汽福田汽车股份有限公司诸城汽车厂M4,106全钢外胎,100EV1077Q,235/75R17.5 14PR 132/130M GAR820 M+S SNOW # Giti 外,2021,7                             月,4
商用配套B区,FPT0536009,北汽福田汽车股份有限公司诸城汽车厂M4,106全钢外胎,100EV1077Q0,235/75R17.5 14PR 132/130M GAR820 3PMSF # Giti 外,2021,7                             月,10
商用配套B区,FPT0536009,北汽福田汽车股份有限公司诸城汽车厂M4,106全钢外胎,100EV1119P,7.50R16LT 14PR 122/118M PAL528 TL new # PW 外,2021,7                             月,189
商用配套B区,FPT0536009,北汽福田汽车股份有限公司诸城汽车厂M4,106全钢外胎,100EV1353P,10R22.5 16PR 144/142M PAL517 4B # PW 外,2021,7                             月,168
商用配套B区,FPT0536009,北汽福田汽车股份有限公司诸城汽车厂M4,106全钢外胎,100EV1582P,9.5R17.5 16PR 133/131M PAR560 3PMSF 4B OE # PW 外,2021,7                             月,518
商用配套B区,FPT0536009,北汽福田汽车股份有限公司诸城汽车厂M4,106全钢外胎,100EV1870P,7.00R16LT 12PR 115/110M PAL528 TL # PW 外,2021,7                             月,714
商用配套B区,FPT0536009,北汽福田汽车股份有限公司诸城汽车厂M4,106全钢外胎,100EV1910P,7.50R16LT 6PR 105/101M PAL528 # PW 外,2021,7                             月,577
商用配套B区,FPT0536009,北汽福田汽车股份有限公司诸城汽车厂M4,106全钢外胎,100EV2151P,275/80R22.5 18PR 149/146M PAL525 OE # PW 外,2021,7                             月,147
商用配套B区,FPT0536009,北汽福田汽车股份有限公司诸城汽车厂M4,106全钢外胎,100EV334Q,215/75R17.5 14PR 126/124M GAR820 M+S SNOW # Giti 外,2021,7                             月,1169
商用配套B区,FPT0536009,北汽福田汽车股份有限公司诸城汽车厂M4,106全钢外胎,120E1384P,8.25R16LT 16PR 128/124M PW01 CR PW 丁基套,2021,7                             月,1085
商用配套B区,FPT0536009,北汽福田汽车股份有限公司诸城汽车厂M4,106全钢外胎,120E1532P,8.25R20 16PR 139/137M PW01 OE 减沟深 PW 丁基套,2021,7                             月,364
商用配套B区,FPT0536009,北汽福田汽车股份有限公司诸城汽车厂M4,106全钢外胎,120EV1119P,7.50R16LT 14PR 122/118M PAL528 TL new # PW 丁基套,2021,7                             月,35
商用配套B区,FPT0536009,北汽福田汽车股份有限公司诸城汽车厂M4,106全钢外胎,120EV2320P,9.00R20 16PR 144/142L PW02 # PW 丁基套,2021,7                             月,385
商用配套B区,FPT0633001,浙江飞碟汽车制造有限公司五征分公司,101半钢外胎,100A1644,195/70R15C 10PR LT 104/101R MAXWAY # GT 外,2021,7                             月,189
商用配套B区,FPT0633001,浙江飞碟汽车制造有限公司五征分公司,106全钢外胎,100E1011P,6.50R16LT 12PR 110/105M PAL528 TT/TL PW 外,2021,7                             月,26
商用配套B区,FPT0633001,浙江飞碟汽车制造有限公司五征分公司,106全钢外胎,100E1926P,11R22.5 18PR 149/146M PAL525 OE 4B PW 外,2021,7                             月,1
商用配套B区,FPT0633001,浙江飞碟汽车制造有限公司五征分公司,106全钢外胎,100EV1877P,7.00R16LT 8PR 107/102M PAL528 TT/TL OE # PW 外,2021,7                             月,3409
商用配套B区,FPT0633001,浙江飞碟汽车制造有限公司五征分公司,106全钢外胎,100EV1879P,7.00R16LT 8PR 107/102M PAL528 OE # PW 外,2021,7                             月,14
商用配套B区,FPT0633001,浙江飞碟汽车制造有限公司五征分公司,106全钢外胎,100EV1910P,7.50R16LT 6PR 105/101M PAL528 # PW 外,2021,7                             月,341
商用配套C区,FPT0029002,陕西重型汽车有限公司,106全钢外胎,100EV2429P,12R22.5 18PR 152/149M PSR255 4B OE # PW 外,2021,7                             月,1033
商用配套C区,FPT0555002,安徽华菱汽车有限公司,106全钢外胎,100E1777P,12R22.5 18PR 152/149M PW622A M+S SNOW 4B PW 外,2021,7                             月,270
商用配套C区,FPT0555002,安徽华菱汽车有限公司,106全钢外胎,100EV1902P,12R22.5 18PR 152/149M PAL525 标载型 # PW 外,2021,7                             月,356
商用配套C区,FPT0555002,安徽华菱汽车有限公司,106全钢外胎,120EV1394P,12.00R20 16PR 152/149K PW01 二次法 OE * # PW 丁基套,2021,7                             月,236
商用配套C区,FPT0555002,安徽华菱汽车有限公司,106全钢外胎,120EV1867P,11.00R20 18PR 152/149K PW01 二次法 OE # PW 丁基套,2021,7                             月,65
商用配套D区,FPT0021008,金龙联合汽车工业（苏州）有限公司,101半钢外胎,100A2525,215/75R16LT 112/109R 10PR GitiVan 600 # Giti 外,2021,7                             月,1
商用配套D区,FPT0021008,金龙联合汽车工业（苏州）有限公司,106全钢外胎,100EV1312Q00,295/80R22.5 18PR 152/149M GAL817 4B new OE 中文 # Giti 外,2021,7                             月,183
商用配套D区,FPT0021008,金龙联合汽车工业（苏州）有限公司,106全钢外胎,100EV1354Q00,10R22.5 16PR 144/142M GAL817 4B # Giti 外,2021,7                             月,30
商用配套D区,FPT0021008,金龙联合汽车工业（苏州）有限公司,106全钢外胎,100EV1454Q,215/75R17.5 16PR 127/124M GAR820 3PMSF OE # Giti 外,2021,7                             月,70
商用配套D区,FPT0021008,金龙联合汽车工业（苏州）有限公司,106全钢外胎,100EV1457Q0,215/75R17.5 16PR 127/124M GAU867V1 3PMSF # Giti 外,2021,7                             月,4
商用配套D区,FPT0021008,金龙联合汽车工业（苏州）有限公司,106全钢外胎,100EV1497Q0,11R22.5 16PR 148/145M GAL817 4B 中文 # Giti 外,2021,7                             月,190
商用配套D区,FPT0021008,金龙联合汽车工业（苏州）有限公司,106全钢外胎,100EV1524Q00,275/70R22.5 18PR 152/148J GT867 3PMSF CITYBUS 4B shoulder # Giti 外,2021,7                             月,243
商用配套D区,FPT0021008,金龙联合汽车工业（苏州）有限公司,106全钢外胎,100EV1893Q00,255/70R22.5 16PR 140/137M GAL817 4B LRR # Giti 外,2021,7                             月,81
商用配套D区,FPT0021008,金龙联合汽车工业（苏州）有限公司,106全钢外胎,100EV1933Q0,9R22.5 14PR 136/134M GAL817 NEW # Giti 外,2021,7                             月,165
商用配套D区,FPT0021008,金龙联合汽车工业（苏州）有限公司,106全钢外胎,100EV432Q,8R22.5 14PR 130/128J GT867 3PMSF 中文 # Giti 外,2021,7                             月,42
商用配套D区,FPT0021008,金龙联合汽车工业（苏州）有限公司,106全钢外胎,100EV473G0,10R22.5 14PR 141/139M GT279 # GT 外,2021,7                             月,77
商用配套D区,FPT0021008,金龙联合汽车工业（苏州）有限公司,106全钢外胎,100EV476Q,10R22.5 16PR 144/142J GT867 3PMSF 4B 中文 # Giti 外,2021,7                             月,35
商用配套D区,FPT0021008,金龙联合汽车工业（苏州）有限公司,106全钢外胎,100EV753Q0,245/70R19.5 18PR 141/140M GSR225 3PMSF 4B OE # Giti 外,2021,7                             月,49
商用配套D区,FPT0023035,庆铃汽车股份有限公司,106全钢外胎,100EV2151P,275/80R22.5 18PR 149/146M PAL525 OE # PW 外,2021,7                             月,6
商用配套D区,FPT0371001,宇通客车股份有限公司,101半钢外胎,100A2525,215/75R16LT 112/109R 10PR GitiVan 600 # Giti 外,2021,7                             月,65
商用配套D区,FPT0371001,宇通客车股份有限公司,101半钢外胎,100A3338,145/70R12 69T GitiComfort T20 # Giti 外,2021,7                             月,8
商用配套D区,FPT0371001,宇通客车股份有限公司,101半钢外胎,100A3609,235/60R18 103H GitiComfort F50 JAC # Giti 外,2021,7                             月,6
商用配套D区,FPT0371001,宇通客车股份有限公司,106全钢外胎,100EV1077Q0,235/75R17.5 14PR 132/130M GAR820 3PMSF # Giti 外,2021,7                             月,457
商用配套D区,FPT0371001,宇通客车股份有限公司,106全钢外胎,100EV1312Q00,295/80R22.5 18PR 152/149M GAL817 4B new OE 中文 # Giti 外,2021,7                             月,695
商用配套D区,FPT0371001,宇通客车股份有限公司,106全钢外胎,100EV1349Q,305/70R22.5 20PR 151/148J GT867 M+S 4B OE # Giti 外,2021,7                             月,6
商用配套D区,FPT0371001,宇通客车股份有限公司,106全钢外胎,100EV1354Q00,10R22.5 16PR 144/142M GAL817 4B # Giti 外,2021,7                             月,1743
商用配套D区,FPT0371001,宇通客车股份有限公司,106全钢外胎,100EV1457Q0,215/75R17.5 16PR 127/124M GAU867V1 3PMSF # Giti 外,2021,7                             月,43
商用配套D区,FPT0371001,宇通客车股份有限公司,106全钢外胎,100EV1461Q,265/70R19.5 16PR 140/138M GSR225 3PMSF 4B # Giti 外,2021,7                             月,172
商用配套D区,FPT0371001,宇通客车股份有限公司,106全钢外胎,100EV1497Q0,11R22.5 16PR 148/145M GAL817 4B 中文 # Giti 外,2021,7                             月,1364
商用配套D区,FPT0371001,宇通客车股份有限公司,106全钢外胎,100EV1524Q00,275/70R22.5 18PR 152/148J GT867 3PMSF CITYBUS 4B shoulder # Giti 外,2021,7                             月,6
商用配套D区,FPT0371001,宇通客车股份有限公司,106全钢外胎,100EV1650Q00,295/80R22.5 18PR 152/149J GT867 M+S 4B # Giti 外,2021,7                             月,1
商用配套D区,FPT0371001,宇通客车股份有限公司,106全钢外胎,100EV1710Q0,215/75R17.5 14PR 125/122M GAR820E 3PMSF 中文 # Giti 外,2021,7                             月,8
商用配套D区,FPT0371001,宇通客车股份有限公司,106全钢外胎,100EV1893Q00,255/70R22.5 16PR 140/137M GAL817 4B LRR # Giti 外,2021,7                             月,1338
商用配套D区,FPT0371001,宇通客车股份有限公司,106全钢外胎,100EV1933Q0,9R22.5 14PR 136/134M GAL817 NEW # Giti 外,2021,7                             月,865
商用配套D区,FPT0371001,宇通客车股份有限公司,106全钢外胎,100EV2150Q,275/80R22.5 18PR 149/146M GSR235 3PMSF OE 4B # Giti 外,2021,7                             月,525
商用配套D区,FPT0371001,宇通客车股份有限公司,106全钢外胎,100EV2160Q,255/70R22.5 14PR 138/134M GAL817 OE # Giti 外,2021,7                             月,132
商用配套D区,FPT0371001,宇通客车股份有限公司,106全钢外胎,100EV337G0,215/75R17.5 16PR 127/124J GT879 OE # GT 外,2021,7                             月,790
商用配套D区,FPT0371001,宇通客车股份有限公司,106全钢外胎,100EV664Q0,245/70R19.5 16PR 136/134M GSR225 3PMSF 4B OE # Giti 外,2021,7                             月,24
商用配套D区,FPT0371007,郑州宇通客车股份有限公司新能源客车分公司,106全钢外胎,100EV1312Q00,295/80R22.5 18PR 152/149M GAL817 4B new OE 中文 # Giti 外,2021,7                             月,2541
商用配套D区,FPT0371007,郑州宇通客车股份有限公司新能源客车分公司,106全钢外胎,100EV1349Q0,305/70R22.5 20PR 151/148J GT867 M+S 4B OE # Giti 外,2021,7                             月,105
商用配套D区,FPT0371007,郑州宇通客车股份有限公司新能源客车分公司,106全钢外胎,100EV1461Q,265/70R19.5 16PR 140/138M GSR225 3PMSF 4B # Giti 外,2021,7                             月,649
商用配套D区,FPT0371007,郑州宇通客车股份有限公司新能源客车分公司,106全钢外胎,100EV1464Q,265/70R19.5 16PR 140/138J GAU867V1 3PMSF OE # Giti 外,2021,7                             月,126
商用配套D区,FPT0371007,郑州宇通客车股份有限公司新能源客车分公司,106全钢外胎,100EV1524Q00,275/70R22.5 18PR 152/148J GT867 3PMSF CITYBUS 4B shoulder # Giti 外,2021,7                             月,82
商用配套D区,FPT0371007,郑州宇通客车股份有限公司新能源客车分公司,106全钢外胎,100EV1650Q00,295/80R22.5 18PR 152/149J GT867 M+S 4B # Giti 外,2021,7                             月,28
商用配套D区,FPT0371007,郑州宇通客车股份有限公司新能源客车分公司,106全钢外胎,100EV1710Q0,215/75R17.5 14PR 125/122M GAR820E 3PMSF 中文 # Giti 外,2021,7                             月,482
商用配套D区,FPT0371007,郑州宇通客车股份有限公司新能源客车分公司,106全钢外胎,100EV1763Q,295/80R22.5 18PR 152/149M GAL836+ 3PMSF 4B # Giti 外,2021,7                             月,1774
商用配套D区,FPT0371007,郑州宇通客车股份有限公司新能源客车分公司,106全钢外胎,100EV337G0,215/75R17.5 16PR 127/124J GT879 OE # GT 外,2021,7                             月,984
商用配套D区,FPT0371011,郑州宇通重工有限公司,106全钢外胎,100EV337G0,215/75R17.5 16PR 127/124J GT879 OE # GT 外,2021,7                             月,2
商用配套D区,FPT0371014,宇通商用车有限公司,106全钢外胎,100EV1879P,7.00R16LT 8PR 107/102M PAL528 OE # PW 外,2021,7                             月,96
商用配套D区,FPT0514004,扬州亚星客车股份有限公司,106全钢外胎,100EV1312Q00,295/80R22.5 18PR 152/149M GAL817 4B new OE 中文 # Giti 外,2021,7                             月,29
商用配套D区,FPT0514004,扬州亚星客车股份有限公司,106全钢外胎,100EV1354Q00,10R22.5 16PR 144/142M GAL817 4B # Giti 外,2021,7                             月,49
商用配套D区,FPT0514004,扬州亚星客车股份有限公司,106全钢外胎,100EV1454Q,215/75R17.5 16PR 127/124M GAR820 3PMSF OE # Giti 外,2021,7                             月,36
商用配套D区,FPT0514004,扬州亚星客车股份有限公司,106全钢外胎,100EV1464Q,265/70R19.5 16PR 140/138J GAU867V1 3PMSF OE # Giti 外,2021,7                             月,84
商用配套D区,FPT0514004,扬州亚星客车股份有限公司,106全钢外胎,100EV1497Q0,11R22.5 16PR 148/145M GAL817 4B 中文 # Giti 外,2021,7                             月,98
商用配套D区,FPT0514004,扬州亚星客车股份有限公司,106全钢外胎,100EV1891Q0,255/70R22.5 16PR 140/137J GAU867V1 M+S 4B # Giti 外,2021,7                             月,14
商用配套D区,FPT0514004,扬州亚星客车股份有限公司,106全钢外胎,100EV1893Q00,255/70R22.5 16PR 140/137M GAL817 4B LRR # Giti 外,2021,7                             月,163
商用配套D区,FPT0514004,扬州亚星客车股份有限公司,106全钢外胎,100EV2170Q0,275/70R22.5 18PR 152/148J GAU867V1 3PMSF 4B NEW # Giti 外,2021,7                             月,146
商用配套D区,FPT0514004,扬州亚星客车股份有限公司,106全钢外胎,100EV476Q,10R22.5 16PR 144/142J GT867 3PMSF 4B 中文 # Giti 外,2021,7                             月,12
商用配套D区,FPT0514004,扬州亚星客车股份有限公司,106全钢外胎,100EV748Q0,11R22.5 16PR 148/145J GT867 3PMSF 4B OE 中文 # Giti 外,2021,7                             月,5
商用配套D区,FPT0514004,扬州亚星客车股份有限公司,106全钢外胎,100EV754Q0,245/70R19.5 18PR 141/140M GT867 3PMSF 4B # Giti 外,2021,7                             月,79
商用配套D区,FPT0551019,安徽江淮客车有限公司,106全钢外胎,100EV473G0,10R22.5 14PR 141/139M GT279 # GT 外,2021,7                             月,182
商用配套D区,FPT0592004,厦门金龙联合汽车工业有限公司,106全钢外胎,100EV1312Q00,295/80R22.5 18PR 152/149M GAL817 4B new OE 中文 # Giti 外,2021,7                             月,595
商用配套D区,FPT0592004,厦门金龙联合汽车工业有限公司,106全钢外胎,100EV1340Q,305/70R22.5 16PR 152/150(154/150)J(E) GT867 M+S 4B 中文 # Giti 外,2021,7                             月,90
商用配套D区,FPT0592004,厦门金龙联合汽车工业有限公司,106全钢外胎,100EV1354Q00,10R22.5 16PR 144/142M GAL817 4B # Giti 外,2021,7                             月,43
商用配套D区,FPT0592004,厦门金龙联合汽车工业有限公司,106全钢外胎,100EV1454Q,215/75R17.5 16PR 127/124M GAR820 3PMSF OE # Giti 外,2021,7                             月,19
商用配套D区,FPT0592004,厦门金龙联合汽车工业有限公司,106全钢外胎,100EV1891Q0,255/70R22.5 16PR 140/137J GAU867V1 M+S 4B # Giti 外,2021,7                             月,30
商用配套D区,FPT0592004,厦门金龙联合汽车工业有限公司,106全钢外胎,100EV1933Q0,9R22.5 14PR 136/134M GAL817 NEW # Giti 外,2021,7                             月,30
商用配套D区,FPT0592004,厦门金龙联合汽车工业有限公司,106全钢外胎,100EV2170Q0,275/70R22.5 18PR 152/148J GAU867V1 3PMSF 4B NEW # Giti 外,2021,7                             月,146
商用配套D区,FPT0755008,深圳市比亚迪供应链管理有限公司（商用车）,106全钢外胎,100EV1522Q,275/70R22.5 16PR 144/141M GAL817 4B 中文 # Giti 外,2021,7                             月,7
商用配套D区,FPT0755008,深圳市比亚迪供应链管理有限公司（商用车）,106全钢外胎,100EV2170Q0,275/70R22.5 18PR 152/148J GAU867V1 3PMSF 4B NEW # Giti 外,2021,7                             月,42
商用配套D区,FPT0755008,深圳市比亚迪供应链管理有限公司（商用车）,106全钢外胎,100EV2251Q0,245/70R19.5 18PR 141/140M GT867 3PMSF 4B RFID # Giti 外,2021,7                             月,48
商用配套D区,FPT0755008,深圳市比亚迪供应链管理有限公司（商用车）,106全钢外胎,100EV753Q,245/70R19.5 18PR 141/140M GSR225 M+S 4B OE # Giti 外,2021,7                             月,21
商用配套D区,FPT0755008,深圳市比亚迪供应链管理有限公司（商用车）,106全钢外胎,120EV1513P,12.00R20 18PR 154/151K PW01 二次法 # PW 丁基套,2021,7                             月,19
商用配套特种车胎,FPT0023031,重庆市轨道交通（集团）有限公司,106全钢外胎,100EV930Q,345/85R16 G02Q # Giti 外,2021,7                             月,208
商用配套特种车胎,FPT0431012,中车长春轨道客车股份有限公司,106全钢外胎,120EV2222Q,E200-15 18PR G01Q # Giti 丁基套,2021,7                             月,720
商用配套福田组,FPT0514006,扬州中集通华专用车有限公司,106全钢外胎,100EV2429P0,12R22.5 18PR 152/149M PSR255 4B OE # PW 外,2021,7                             月,15