业务组,客户编码,客户描述,物料大类,物料编码,物料描述,月描述,年描述,月文本,工厂订单发运数量
商用配套B区,FPT0535010,山东汽车制造有限公司,106全钢外胎,100EV1912P,7.50R16LT 6PR 105/101M PAL528 TT/TL OE # PW 外,2022-02,2022,02,10350
商用配套A区,FPT0719001,东风商用车有限公司,106全钢外胎,100EV1902P,12R22.5 18PR 152/149M PAL525 标载型 # PW 外,2022-02,2022,02,9558
商用配套B区,FPT0536009,北汽福田汽车股份有限公司诸城汽车厂M4,106全钢外胎,100EV1873P,7.00R16LT 8PR 107/102M PAL528 TT/TL 二次法 OE # PW 外,2022-02,2022,02,8210
商用配套B区,FPT0536009,北汽福田汽车股份有限公司诸城汽车厂M4,106全钢外胎,100EV2541P,7.00R16LT 8PR 107/102M PAR708 TT/TL OE # PW 外,2022-02,2022,02,4868
商用配套B区,FPT0010023,北京福田戴姆勒汽车有限公司,106全钢外胎,100EV2427P,12R22.5 18PR 152/149M PAL526 标载型 OE # PW 外,2022-02,2022,02,2600
商用配套A区,FPT0719001,东风商用车有限公司,106全钢外胎,100EV1853P,12R22.5 18PR 152/149M PAL517 4B OE # PW 外,2022-02,2022,02,2527
商用配套A区,FPT0772004,东风柳州汽车有限公司（商用车）,106全钢外胎,100EV2429P0,12R22.5 18PR 152/149M PSR255 4B OE # PW 外,2022-02,2022,02,1860
商用配套B区,FPT0371016,北汽福田汽车股份有限公司长沙超级卡车工厂,106全钢外胎,100EV1876P,7.00R16LT 8PR 107/102M PAL528 TT/TL OE # PW 外,2022-02,2022,02,1650
乘用配套四组,FPT0551036,安徽江淮汽车集团股份有限公司轻型商用车分公司,106全钢外胎,100EV1201Q,205/75R17.5 14PR 124/122M GAR820 M+S SNOW # Giti 外,2022-02,2022,02,1600
商用配套B区,FPT0370003,河南福田智蓝新能源汽车有限公司,106全钢外胎,100EV2540P,7.00R16LT 8PR 107/102M PAL528 TT/TL 二次法 OE # PW 外,2022-02,2022,02,1560
商用配套B区,FPT0371016,北汽福田汽车股份有限公司长沙超级卡车工厂,106全钢外胎,100EV2541P,7.00R16LT 8PR 107/102M PAR708 TT/TL OE # PW 外,2022-02,2022,02,1500
商用配套A区,FPT0772004,东风柳州汽车有限公司（商用车）,106全钢外胎,100EV1902P,12R22.5 18PR 152/149M PAL525 标载型 # PW 外,2022-02,2022,02,1450
商用配套B区,FPT0536003,北汽福田汽车股份有限公司诸城汽车厂,106全钢外胎,100EV2151P,275/80R22.5 18PR 149/146M PAL525 OE # PW 外,2022-02,2022,02,1400
商用配套B区,FPT0536009,北汽福田汽车股份有限公司诸城汽车厂M4,106全钢外胎,100EV1119P,7.50R16LT 14PR 122/118M PAL528 TL new # PW 外,2022-02,2022,02,969
乘用配套四组,FPT0551036,安徽江淮汽车集团股份有限公司轻型商用车分公司,106全钢外胎,100EV640G,235/75R17.5 16PR 143/141(144/144)J(F) GT879 EXPORT # GT 外,2022-02,2022,02,868
商用配套B区,FPT0536003,北汽福田汽车股份有限公司诸城汽车厂,106全钢外胎,100EV1926P,11R22.5 18PR 149/146M PAL525 OE 4B # PW 外,2022-02,2022,02,840
商用配套B区,FPT0536009,北汽福田汽车股份有限公司诸城汽车厂M4,106全钢外胎,100EV1582P,9.5R17.5 16PR 133/131M PAR560 3PMSF 4B OE # PW 外,2022-02,2022,02,800
商用配套B区,FPT0536009,北汽福田汽车股份有限公司诸城汽车厂M4,106全钢外胎,100EV1077Q0,235/75R17.5 14PR 132/130M GAR820 3PMSF # Giti 外,2022-02,2022,02,754
商用配套C区,FPT0555002,安徽华菱汽车有限公司,106全钢外胎,100EV1902P,12R22.5 18PR 152/149M PAL525 标载型 # PW 外,2022-02,2022,02,679
商用配套B区,FPT0010023,北京福田戴姆勒汽车有限公司,106全钢外胎,120EV1513P,12.00R20 18PR 154/151K PW01 二次法 # PW 丁基套,2022-02,2022,02,670
商用配套B区,FPT0472002,北奔重型汽车集团有限公司,106全钢外胎,100E1902P,12R22.5 18PR 152/149M PAL525 标载型 PW 外,2022-02,2022,02,560
商用配套B区,FPT0536009,北汽福田汽车股份有限公司诸城汽车厂M4,106全钢外胎,100EV1201Q,205/75R17.5 14PR 124/122M GAR820 M+S SNOW # Giti 外,2022-02,2022,02,560
商用配套B区,FPT0010023,北京福田戴姆勒汽车有限公司,106全钢外胎,100EV1797P,295/80R22.5 18PR 152/149M PAL520 4B OE # PW 外,2022-02,2022,02,550
商用配套B区,FPT0472002,北奔重型汽车集团有限公司,106全钢外胎,100EV1902P,12R22.5 18PR 152/149M PAL525 标载型 # PW 外,2022-02,2022,02,520
乘用配套四组,FPT0551036,安徽江淮汽车集团股份有限公司轻型商用车分公司,106全钢外胎,100EV2540P,7.00R16LT 8PR 107/102M PAL528 TT/TL 二次法 OE # PW 外,2022-02,2022,02,500
商用配套A区,FPT0772004,东风柳州汽车有限公司（商用车）,106全钢外胎,100EV2151P,275/80R22.5 18PR 149/146M PAL525 OE # PW 外,2022-02,2022,02,500
商用配套B区,FPT0536003,北汽福田汽车股份有限公司诸城汽车厂,106全钢外胎,100EV1353P,10R22.5 16PR 144/142M PAL517 4B # PW 外,2022-02,2022,02,480
商用配套D区,FPT0592004,厦门金龙联合汽车工业有限公司,106全钢外胎,100EV1464Q,265/70R19.5 16PR 140/138J GAU867V1 3PMSF OE # Giti 外,2022-02,2022,02,438
商用配套D区,FPT0023028,上汽红岩汽车有限公司,106全钢外胎,100EV2429P0,12R22.5 18PR 152/149M PSR255 4B OE # PW 外,2022-02,2022,02,434
商用配套B区,FPT0536003,北汽福田汽车股份有限公司诸城汽车厂,106全钢外胎,100EV2427P,12R22.5 18PR 152/149M PAL526 标载型 OE # PW 外,2022-02,2022,02,400
商用配套A区,FPT0719001,东风商用车有限公司,106全钢外胎,100EV1797P,295/80R22.5 18PR 152/149M PAL520 4B OE # PW 外,2022-02,2022,02,370
商用配套B区,FPT0536003,北汽福田汽车股份有限公司诸城汽车厂,106全钢外胎,100E1926P,11R22.5 18PR 149/146M PAL525 OE 4B PW 外,2022-02,2022,02,360
商用配套B区,FPT0370003,河南福田智蓝新能源汽车有限公司,106全钢外胎,100EV1119P,7.50R16LT 14PR 122/118M PAL528 TL new # PW 外,2022-02,2022,02,350
商用配套B区,FPT0536001,北汽福田汽车股份有限公司时代领航卡车工厂,106全钢外胎,100EV1119P,7.50R16LT 14PR 122/118M PAL528 TL new # PW 外,2022-02,2022,02,350
商用配套B区,FPT0536009,北汽福田汽车股份有限公司诸城汽车厂M4,106全钢外胎,100EV334Q,215/75R17.5 14PR 126/124M GAR820 M+S SNOW # Giti 外,2022-02,2022,02,337
商用配套C区,FPT0555002,安徽华菱汽车有限公司,106全钢外胎,100EV2426P,12R22.5 18PR 152/149M PAM887 # PW 外,2022-02,2022,02,330
商用配套A区,FPT0772007,柳州乘龙专用车有限公司,106全钢外胎,100EV1763Q,295/80R22.5 18PR 152/149M GAL836+ 3PMSF 4B # Giti 外,2022-02,2022,02,288
乘用配套四组,FPT0551036,安徽江淮汽车集团股份有限公司轻型商用车分公司,106全钢外胎,100EV581P,215/75R17.5 12PR 126/124M PW212 # PW 外,2022-02,2022,02,280
商用配套B区,FPT0536009,北汽福田汽车股份有限公司诸城汽车厂M4,106全钢外胎,120EV1119P,7.50R16LT 14PR 122/118M PAL528 TL new # PW 丁基套,2022-02,2022,02,280
商用配套D区,FPT0371001,宇通客车股份有限公司,106全钢外胎,100EV1312Q00,295/80R22.5 18PR 152/149M GAL817 4B new OE 中文 # Giti 外,2022-02,2022,02,270
商用配套D区,FPT0371011,郑州宇通重工有限公司,106全钢外胎,100EV2150Q,275/80R22.5 18PR 149/146M GSR235 3PMSF OE 4B # Giti 外,2022-02,2022,02,270
商用配套B区,FPT0010023,北京福田戴姆勒汽车有限公司,106全钢外胎,120EV1394P,12.00R20 16PR 152/149K PW01 二次法 OE * # PW 丁基套,2022-02,2022,02,260
商用配套D区,FPT0755008,深圳市比亚迪供应链管理有限公司（商用车）,106全钢外胎,100EV1464Q,265/70R19.5 16PR 140/138J GAU867V1 3PMSF OE # Giti 外,2022-02,2022,02,260
商用配套D区,FPT0371001,宇通客车股份有限公司,106全钢外胎,100EV1464Q,265/70R19.5 16PR 140/138J GAU867V1 3PMSF OE # Giti 外,2022-02,2022,02,250
商用配套B区,FPT0536003,北汽福田汽车股份有限公司诸城汽车厂,106全钢外胎,100EV2426P,12R22.5 18PR 152/149M PAM887 # PW 外,2022-02,2022,02,240
乘用配套四组,FPT0551036,安徽江淮汽车集团股份有限公司轻型商用车分公司,106全钢外胎,100EV1119P,7.50R16LT 14PR 122/118M PAL528 TL new # PW 外,2022-02,2022,02,231
乘用配套四组,FPT0551036,安徽江淮汽车集团股份有限公司轻型商用车分公司,106全钢外胎,120EV2260P,8.25R16LT 14PR 126/122M PW01 CR # PW 丁基套,2022-02,2022,02,210
商用配套A区,FPT0772004,东风柳州汽车有限公司（商用车）,106全钢外胎,100EV1562Q,295/60R22.5 18PR 150/147L GSR225 3PMSF 4B # Giti 外,2022-02,2022,02,200
商用配套特种车胎,FPT0023031,重庆市轨道交通（集团）有限公司,106全钢外胎,120EV2222Q,E200-15 18PR G01Q # Giti 丁基套,2022-02,2022,02,200
商用配套B区,FPT0536009,北汽福田汽车股份有限公司诸城汽车厂M4,106全钢外胎,100EV1353P,10R22.5 16PR 144/142M PAL517 4B # PW 外,2022-02,2022,02,195
乘用配套四组,FPT0551036,安徽江淮汽车集团股份有限公司轻型商用车分公司,106全钢外胎,100EV1893Q00,255/70R22.5 16PR 140/137M GAL817 4B LRR # Giti 外,2022-02,2022,02,189
商用配套B区,FPT0536003,北汽福田汽车股份有限公司诸城汽车厂,106全钢外胎,120EV2320P,9.00R20 16PR 144/142L PW02 # PW 丁基套,2022-02,2022,02,180
乘用配套四组,FPT0558005,江淮汽车（阜阳）有限公司,106全钢外胎,100EV448P,13R22.5 18PR 154/150(156/150)L(K) PW01 M+S EXPORT # PW 外,2022-02,2022,02,170
商用配套D区,FPT0021008,金龙联合汽车工业（苏州）有限公司,106全钢外胎,100EV1312Q00,295/80R22.5 18PR 152/149M GAL817 4B new OE 中文 # Giti 外,2022-02,2022,02,165
商用配套B区,FPT0010023,北京福田戴姆勒汽车有限公司,106全钢外胎,100EV387P,295/80R22.5 18PR 152/149M PW602 M+S # PW 外,2022-02,2022,02,154
商用配套A区,FPT0772004,东风柳州汽车有限公司（商用车）,106全钢外胎,100EV1797P,295/80R22.5 18PR 152/149M PAL520 4B OE # PW 外,2022-02,2022,02,150
商用配套A区,FPT0772004,东风柳州汽车有限公司（商用车）,106全钢外胎,120EV1815P,10.00R20 18PR 149/146K PW02 OE # PW 丁基套,2022-02,2022,02,150
商用配套B区,FPT0536009,北汽福田汽车股份有限公司诸城汽车厂M4,106全钢外胎,120E1532P,8.25R20 16PR 139/137M PW01 OE 减沟深 PW 丁基套,2022-02,2022,02,144
商用配套B区,FPT0536003,北汽福田汽车股份有限公司诸城汽车厂,106全钢外胎,100EV1797P,295/80R22.5 18PR 152/149M PAL520 4B OE # PW 外,2022-02,2022,02,140
商用配套D区,FPT0021008,金龙联合汽车工业（苏州）有限公司,106全钢外胎,100EV1891Q0,255/70R22.5 16PR 140/137J GAU867V1 M+S 4B # Giti 外,2022-02,2022,02,140
商用配套D区,FPT0592004,厦门金龙联合汽车工业有限公司,106全钢外胎,100EV1312Q00,295/80R22.5 18PR 152/149M GAL817 4B new OE 中文 # Giti 外,2022-02,2022,02,140
商用配套D区,FPT0755008,深圳市比亚迪供应链管理有限公司（商用车）,106全钢外胎,100EV1457Q0,215/75R17.5 16PR 127/124M GAU867V1 3PMSF # Giti 外,2022-02,2022,02,140
乘用配套四组,FPT0558005,江淮汽车（阜阳）有限公司,106全钢外胎,100EV345Q,315/60R22.5 18PR 152/148M GSR225 3PMSF 4B # Giti 外,2022-02,2022,02,130
商用配套D区,FPT0021008,金龙联合汽车工业（苏州）有限公司,106全钢外胎,100EV1893Q00,255/70R22.5 16PR 140/137M GAL817 4B LRR # Giti 外,2022-02,2022,02,126
商用配套D区,FPT0371001,宇通客车股份有限公司,106全钢外胎,100EV1354Q00,10R22.5 16PR 144/142M GAL817 4B # Giti 外,2022-02,2022,02,120
商用配套D区,FPT0371001,宇通客车股份有限公司,106全钢外胎,100EV1933Q0,9R22.5 14PR 136/134M GAL817 NEW # Giti 外,2022-02,2022,02,120
商用配套D区,FPT0755008,深圳市比亚迪供应链管理有限公司（商用车）,106全钢外胎,100EV1312Q00,295/80R22.5 18PR 152/149M GAL817 4B new OE 中文 # Giti 外,2022-02,2022,02,105
商用配套B区,FPT0536009,北汽福田汽车股份有限公司诸城汽车厂M4,106全钢外胎,100EV1077Q1,235/75R17.5 14PR 132/130M GAR820 3PMSF # Giti 外,2022-02,2022,02,100
商用配套B区,FPT0536009,北汽福田汽车股份有限公司诸城汽车厂M4,106全钢外胎,100EV1454Q0,215/75R17.5 16PR 127/124M GAR820 3PMSF OE # Giti 外,2022-02,2022,02,100
商用配套D区,FPT0371001,宇通客车股份有限公司,106全钢外胎,100EV1710Q0,215/75R17.5 14PR 125/122M GAR820E 3PMSF 中文 # Giti 外,2022-02,2022,02,100
商用配套B区,FPT0010023,北京福田戴姆勒汽车有限公司,106全钢外胎,100EV345Q,315/60R22.5 18PR 152/148M GSR225 3PMSF 4B # Giti 外,2022-02,2022,02,91
商用配套B区,FPT0472002,北奔重型汽车集团有限公司,106全钢外胎,100EV712P,315/80R22.5 18PR 154/151(156/151)L(K) PW01 M+S # PW 外,2022-02,2022,02,90
商用配套D区,FPT0021008,金龙联合汽车工业（苏州）有限公司,106全钢外胎,100EV1524Q00,275/70R22.5 18PR 152/148J GT867 3PMSF CITYBUS 4B shoulder # Giti 外,2022-02,2022,02,83
商用配套D区,FPT0371011,郑州宇通重工有限公司,106全钢外胎,100EV1497Q0,11R22.5 16PR 148/145M GAL817 4B 中文 # Giti 外,2022-02,2022,02,80
商用配套D区,FPT0371011,郑州宇通重工有限公司,106全钢外胎,100EV337G0,215/75R17.5 16PR 127/124J GT879 OE # GT 外,2022-02,2022,02,80
乘用配套四组,FPT0551036,安徽江淮汽车集团股份有限公司轻型商用车分公司,106全钢外胎,100EV1454Q0,215/75R17.5 16PR 127/124M GAR820 3PMSF OE # Giti 外,2022-02,2022,02,70
商用配套D区,FPT0021008,金龙联合汽车工业（苏州）有限公司,106全钢外胎,100EV1497Q0,11R22.5 16PR 148/145M GAL817 4B 中文 # Giti 外,2022-02,2022,02,70
商用配套D区,FPT0021008,金龙联合汽车工业（苏州）有限公司,106全钢外胎,100EV748Q0,11R22.5 16PR 148/145J GT867 3PMSF 4B OE 中文 # Giti 外,2022-02,2022,02,70
商用配套D区,FPT0592004,厦门金龙联合汽车工业有限公司,106全钢外胎,100EV1522Q,275/70R22.5 16PR 144/141M GAL817 4B 中文 # Giti 外,2022-02,2022,02,70
商用配套D区,FPT0755008,深圳市比亚迪供应链管理有限公司（商用车）,106全钢外胎,100EV1891Q0,255/70R22.5 16PR 140/137J GAU867V1 M+S 4B # Giti 外,2022-02,2022,02,70
商用配套C区,FPT0555002,安徽华菱汽车有限公司,106全钢外胎,100E1902P,12R22.5 18PR 152/149M PAL525 标载型 PW 外,2022-02,2022,02,61
商用配套B区,FPT0536003,北汽福田汽车股份有限公司诸城汽车厂,106全钢外胎,120E1532P,8.25R20 16PR 139/137M PW01 OE 减沟深 PW 丁基套,2022-02,2022,02,60
商用配套B区,FPT0472002,北奔重型汽车集团有限公司,106全钢外胎,100EV1744Q,385/65R22.5 20PR 164(160)K(L) GSR259 3PMSF 4B # Giti 外,2022-02,2022,02,51
商用配套A区,FPT0772004,东风柳州汽车有限公司（商用车）,106全钢外胎,120EV1394P,12.00R20 16PR 152/149K PW01 二次法 OE * # PW 丁基套,2022-02,2022,02,50
商用配套D区,FPT0371001,宇通客车股份有限公司,106全钢外胎,100EV1349Q0,305/70R22.5 20PR 151/148J GT867 M+S 4B OE # Giti 外,2022-02,2022,02,50
商用配套特种车胎,FPT0755009,深圳市比亚迪供应链管理有限公司（轻轨）,106全钢外胎,100EV931Q,265/70R19.5 G17Q # Giti 外,2022-02,2022,02,40
商用配套B区,FPT0431005,一汽解放汽车有限公司,106全钢外胎,100EV2520P,12.00R20 18PR 154/151K PW01 二次法 OE # PW 外,2022-02,2022,02,39
商用配套B区,FPT0371016,北汽福田汽车股份有限公司长沙超级卡车工厂,106全钢外胎,100EV1582P,9.5R17.5 16PR 133/131M PAR560 3PMSF 4B OE # PW 外,2022-02,2022,02,35
商用配套B区,FPT0633001,浙江飞碟汽车制造有限公司五征分公司,106全钢外胎,100EV2151P,275/80R22.5 18PR 149/146M PAL525 OE # PW 外,2022-02,2022,02,35
商用配套D区,FPT0021008,金龙联合汽车工业（苏州）有限公司,106全钢外胎,100EV466Q0,9R22.5 14PR 136/134J GT867 3PMSF 中文 # Giti 外,2022-02,2022,02,35
商用配套C区,FPT0553005,集瑞联合重工有限公司,106全钢外胎,100EV1412Q,315/80R22.5 18PR 154/151M GDL636 4B # Giti 外,2022-02,2022,02,26
商用配套B区,FPT0010023,北京福田戴姆勒汽车有限公司,106全钢外胎,100EV2450Q0,295/80R22.5 18PR 152/149M GDL636A 3PMSF 4B OE # Giti 外,2022-02,2022,02,24
商用配套B区,FPT0472002,北奔重型汽车集团有限公司,106全钢外胎,120EV087G,12.00R24 20PR 160/156K GT01 EXPORT # GT 丁基套,2022-02,2022,02,21
商用配套D区,FPT0021008,金龙联合汽车工业（苏州）有限公司,106全钢外胎,100EV1920Q,11R22.5 18PR 149/146M GAC812 OE 4B # Giti 外,2022-02,2022,02,21
商用配套D区,FPT0021017,上海申龙客车有限公司,106全钢外胎,100EV2170Q0,275/70R22.5 18PR 152/148J GAU867V1 3PMSF 4B NEW # Giti 外,2022-02,2022,02,20
商用配套B区,FPT0010023,北京福田戴姆勒汽车有限公司,106全钢外胎,100EV1728Q,315/70R22.5 18PR 156/150(154/150)L(M) GSR225 M+S # 4B Giti 外,2022-02,2022,02,18
商用配套D区,FPT0021008,金龙联合汽车工业（苏州）有限公司,106全钢外胎,100EV1707Q,8R22.5 14PR 130/128M GAL817 # Giti 外,2022-02,2022,02,16
商用配套A区,FPT0531006,中国重汽集团济南商用车有限公司,106全钢外胎,100EV2371P,7.00R16LT 10PR 111/107M PAL528 TT/TL OE # PW 外,2022-02,2022,02,14
商用配套B区,FPT0633001,浙江飞碟汽车制造有限公司五征分公司,106全钢外胎,100EV1926P,11R22.5 18PR 149/146M PAL525 OE 4B # PW 外,2022-02,2022,02,14
商用配套C区,FPT0555002,安徽华菱汽车有限公司,106全钢外胎,100EV1658P,295/80R22.5 18PR 152/149M PAL520 4B # PW 外,2022-02,2022,02,14
商用配套D区,FPT0592004,厦门金龙联合汽车工业有限公司,106全钢外胎,100EV776Q,275/70R22.5 16PR 148/145(152/148)M(J) GSR225 3PMSF 4B # Giti 外,2022-02,2022,02,14
商用配套D区,FPT0371001,宇通客车股份有限公司,106全钢外胎,100EV1077Q0,235/75R17.5 14PR 132/130M GAR820 3PMSF # Giti 外,2022-02,2022,02,12
乘用配套二组,FPT0010013,北汽福田汽车股份有限公司,106全钢外胎,100EV1797P,295/80R22.5 18PR 152/149M PAL520 4B OE # PW 外,2022-02,2022,02,11
商用配套D区,FPT0514004,扬州亚星客车股份有限公司,106全钢外胎,100EV2170Q0,275/70R22.5 18PR 152/148J GAU867V1 3PMSF 4B NEW # Giti 外,2022-02,2022,02,9
商用配套B区,FPT0370003,河南福田智蓝新能源汽车有限公司,106全钢外胎,100EV2150Q,275/80R22.5 18PR 149/146M GSR235 3PMSF OE 4B # Giti 外,2022-02,2022,02,7
商用配套B区,FPT0371016,北汽福田汽车股份有限公司长沙超级卡车工厂,106全钢外胎,100EV1870P,7.00R16LT 12PR 115/110M PAL528 TL # PW 外,2022-02,2022,02,7
商用配套B区,FPT0633001,浙江飞碟汽车制造有限公司五征分公司,106全钢外胎,100EV2142Q,235/75R17.5 16PR 132/129M GAR820 M+S OE # Giti 外,2022-02,2022,02,7
商用配套D区,FPT0021008,金龙联合汽车工业（苏州）有限公司,106全钢外胎,100EV1933Q0,9R22.5 14PR 136/134M GAL817 NEW # Giti 外,2022-02,2022,02,7
商用配套B区,FPT0010023,北京福田戴姆勒汽车有限公司,106全钢外胎,100EV1769Q0,295/80R22.5 18PR 152/149M GAL836A 3PMSF 4B OE # Giti 外,2022-02,2022,02,6
商用配套B区,FPT0536003,北汽福田汽车股份有限公司诸城汽车厂,106全钢外胎,100EV1908P,12R22.5 18PR 152/149L PAM539 二次法 NEW # PW 外,2022-02,2022,02,5
商用配套D区,FPT0021023,上海申沃客车有限公司,106全钢外胎,100EV1920Q,11R22.5 18PR 149/146M GAC812 OE 4B # Giti 外,2022-02,2022,02,4
乘用配套四组,FPT0551036,安徽江淮汽车集团股份有限公司轻型商用车分公司,106全钢外胎,100EV1454Q,215/75R17.5 16PR 127/124M GAR820 3PMSF OE # Giti 外,2022-02,2022,02,2
商用配套D区,FPT0592004,厦门金龙联合汽车工业有限公司,106全钢外胎,100EV1454Q0,215/75R17.5 16PR 127/124M GAR820 3PMSF OE # Giti 外,2022-02,2022,02,1
商用配套D区,FPT0371001,宇通客车股份有限公司,106全钢外胎,100EV2150Q,275/80R22.5 18PR 149/146M GSR235 3PMSF OE 4B # Giti 外,2022-02,2022,02,-1
商用配套D区,FPT0371001,宇通客车股份有限公司,106全钢外胎,100EV2160Q,255/70R22.5 14PR 138/134M GAL817 OE # Giti 外,2022-02,2022,02,-1
商用配套D区,FPT0371001,宇通客车股份有限公司,106全钢外胎,100EV337G0,215/75R17.5 16PR 127/124J GT879 OE # GT 外,2022-02,2022,02,-1
商用配套D区,FPT0371001,宇通客车股份有限公司,106全钢外胎,100EV1461Q,265/70R19.5 16PR 140/138M GSR225 3PMSF 4B # Giti 外,2022-02,2022,02,-4
乘用配套一组,FPT0023023,重庆长安汽车股份有限公司,101半钢外胎,100A4395,225/55R19 99H GitiComfort F50 CHANGAN # Giti 外,2022-02,2022,02,57430
乘用配套三组,FPT0755007,深圳市比亚迪供应链管理有限公司,101半钢外胎,100A4019,235/50R19 99V GitiComfort 225 V1 # Giti 外,2022-02,2022,02,57090
乘用配套二组,FPT0772001,上汽通用五菱汽车股份有限公司,101半钢外胎,100A4195,215/55R18 95V GitiComfort F50 SGMW # Giti 外,2022-02,2022,02,53470
乘用配套三组,FPT0755007,深圳市比亚迪供应链管理有限公司,101半钢外胎,100A3977,245/45R20 103V XL GitiComfort 225 V1 BYD # Giti 外,2022-02,2022,02,32761
乘用配套四组,FPT0553001,奇瑞汽车股份有限公司,101半钢外胎,100A4500,225/60R18 100H GitiComfort F50 QR # Giti 外,2022-02,2022,02,23368
乘用配套三组,FPT0755007,深圳市比亚迪供应链管理有限公司,101半钢外胎,100A4499,215/55R17 94V GitiComfort F22 BYD # Giti 外,2022-02,2022,02,23121
乘用配套四组,FPT0023034,重庆市永川区长城汽车零部件有限公司,101半钢外胎,100A3682A,225/65R17 102H GitiComfort SUV 520 GWH6 # Giti 外,2022-02,2022,02,21996
乘用配套一组,FPT0023023,重庆长安汽车股份有限公司,101半钢外胎,100A3884,T125/80R17 99M CHANGAN # GT 外,2022-02,2022,02,21700
乘用配套四组,FPT0023034,重庆市永川区长城汽车零部件有限公司,101半钢外胎,100A4574,235/60R19 107H XL GitiComfort F50 GW # Giti 外,2022-02,2022,02,20168
乘用配套二组,FPT0772001,上汽通用五菱汽车股份有限公司,101半钢外胎,100A3065,205/60R16 92V GitiComfort 228v1 SGMW # Giti 外,2022-02,2022,02,20100
乘用配套二组,FPT0572002,长兴吉利汽车部件有限公司,101半钢外胎,100AL041B,205/50R17 93V XL GitiComfort F22 # Giti 外,2022-02,2022,02,17671
乘用配套三组,FPT0571015,广汽乘用车（杭州）有限公司,101半钢外胎,100A4287,235/50R19 99V GitiComfort F50 GAC # Giti 外,2022-02,2022,02,16259
乘用配套四组,FPT0023034,重庆市永川区长城汽车零部件有限公司,101半钢外胎,100A4201,235/60R18 103H GitiComfort SUV 520 GW # Giti 外,2022-02,2022,02,14890
乘用配套三组,FPT0028012,长春一汽富维汽车零部件股份有限公司成都车轮分公司,101半钢外胎,100A3686,T125/70R18 99M GitiWingro FAW VW # Giti 外,2022-02,2022,02,14660
乘用配套三组,FPT0431016,长春一汽富维汽车零部件股份有限公司车轮分公司,101半钢外胎,100A2937,T145/65R20 105M # Giti 外,2022-02,2022,02,14400
乘用配套三组,FPT0535007,上汽通用东岳汽车有限公司,101半钢外胎,100A2190,175/70R14 84T GitiComfort 220 v1 SGM # Giti 外,2022-02,2022,02,12400
乘用配套二组,FPT0574002,浙江远景汽配有限公司,101半钢外胎,100A4016,215/55R18 95V GitiComfort F50 GEELY # Giti 外,2022-02,2022,02,12390
乘用配套二组,FPT0917004,宝鸡吉利汽车部件有限公司,101半钢外胎,100A4325,225/60R18 100H GitiComfort F50 NL-3B # Giti 外,2022-02,2022,02,11800
乘用配套二组,FPT0574002,浙江远景汽配有限公司,101半钢外胎,100A4325,225/60R18 100H GitiComfort F50 NL-3B # Giti 外,2022-02,2022,02,11168
乘用配套三组,FPT0020018,广汽乘用车有限公司,101半钢外胎,100A4572,225/55R18 98V GitiComfort F50 GAC # Giti 外,2022-02,2022,02,10000
乘用配套四组,FPT0010026,北京海纳川汽车部件股份有限公司北京分公司,101半钢外胎,100AF747C,215/50R18 96V XL GitiComfort 225 V1 # Giti 外,2022-02,2022,02,9900
乘用配套三组,FPT0755007,深圳市比亚迪供应链管理有限公司,101半钢外胎,100A3724,235/50R19 99V GitiControl SUV880 # Giti 外,2022-02,2022,02,9800
乘用配套一组,FPT0010027,重庆长安汽车股份有限公司北京长安汽车公司,101半钢外胎,100A4325,225/60R18 100H GitiComfort F50 NL-3B # Giti 外,2022-02,2022,02,9760
乘用配套四组,FPT0556002,安庆振风新能源汽车科技有限公司,101半钢外胎,100A4322,165/65R14 79T GitiComfort 220 # Giti 外,2022-02,2022,02,9600
乘用配套三组,FPT0755007,深圳市比亚迪供应链管理有限公司,101半钢外胎,100A4491,225/60R18 100H GitiComfort F50 BYD # Giti 外,2022-02,2022,02,9390
乘用配套一组,FPT0551010,合肥长安汽车有限公司,101半钢外胎,100A3599,T165/80R17 104M CHANGAN # Giti 外,2022-02,2022,02,8800
乘用配套二组,FPT0354002,山西吉利汽车部件有限公司,101半钢外胎,100A3801,205/60R16 92V GitiComfort 228v1 GEELY GE11 # Giti 外,2022-02,2022,02,8800
乘用配套一组,FPT0023023,重庆长安汽车股份有限公司,101半钢外胎,100A4368,225/45R18 95V XL GitiComfort 228v1 CHANGAN NEW # Giti 外,2022-02,2022,02,8600
乘用配套三组,FPT0731007,北京汽车股份有限公司株洲分公司,101半钢外胎,100A3521,215/50R17 95H XL GitiComfort 228v1 # Giti 外,2022-02,2022,02,8200
乘用配套二组,FPT0574016,宁波吉润汽车部件有限公司,101半钢外胎,100A3601,215/55R17 94V GitiComfort F22 GEELY # Giti 外,2022-02,2022,02,7650
乘用配套三组,FPT0020018,广汽乘用车有限公司,101半钢外胎,100A3926,225/60R17 99H GitiComfort F50 GAC # Giti 外,2022-02,2022,02,7000
乘用配套三组,FPT0574010,上汽大众汽车有限公司宁波分公司,101半钢外胎,100A3080,T125/70R18 99M GitiWingro # Giti 外,2022-02,2022,02,7000
乘用配套二组,FPT0791004,江西五十铃汽车有限公司,101半钢外胎,100A2749,245/70R16 111S XL GitiConquest HT150 ISUZU # Giti 外,2022-02,2022,02,6760
乘用配套四组,FPT0023034,重庆市永川区长城汽车零部件有限公司,101半钢外胎,100A4573,235/65R18 106V GitiComfort F50 GW # Giti 外,2022-02,2022,02,6550
乘用配套四组,FPT0553001,奇瑞汽车股份有限公司,101半钢外胎,100A2661,205/55R16 91V GitiComfort 228v1 QR # Giti 外,2022-02,2022,02,6178
乘用配套二组,FPT0772001,上汽通用五菱汽车股份有限公司,101半钢外胎,100A2581,215/60R17 96H GitiComfort SUV 520 SGMW # Giti 外,2022-02,2022,02,5990
乘用配套三组,FPT0571015,广汽乘用车（杭州）有限公司,101半钢外胎,100A3882,215/55R18 95H GitiComfort F50 GAC # Giti 外,2022-02,2022,02,5943
乘用配套三组,FPT0021040,安吉智行物流有限公司,101半钢外胎,100A3413,185/65R15 88H GitiComfort 228 SAIC ZP11 # Giti 外,2022-02,2022,02,5900
乘用配套二组,FPT0571019,杭州吉利汽车有限公司,101半钢外胎,100A3746,215/60R16 95V GitiComfort F22 GEELY # Giti 外,2022-02,2022,02,5790
乘用配套一组,FPT0010027,重庆长安汽车股份有限公司北京长安汽车公司,101半钢外胎,100A3599,T165/80R17 104M CHANGAN # Giti 外,2022-02,2022,02,5630
乘用配套三组,FPT0025022,上汽大众汽车有限公司南京分公司,101半钢外胎,100A3573,T125/70R18 99M GitiWingro SVW # Giti 外,2022-02,2022,02,5200
乘用配套三组,FPT0532007,长春一汽富维汽车零部件股份有限公司青岛车轮分公司,101半钢外胎,100A3067,205/55R16 91H GitiSynergy E1 VW # Giti 外,2022-02,2022,02,5100
乘用配套四组,FPT0023034,重庆市永川区长城汽车零部件有限公司,101半钢外胎,100A3683,235/70R16 106T SAVERO HT PLUS GW # Giti 外,2022-02,2022,02,4970
乘用配套三组,FPT0535007,上汽通用东岳汽车有限公司,101半钢外胎,100A3723,185/65R15 88H GitiComfort 220 v1 GEM # Giti 外,2022-02,2022,02,4886
乘用配套一组,FPT0312009,保定长安客车制造有限公司,101半钢外胎,100A2958,265/65R17 112H Giti4×4 HT152 # Giti 外,2022-02,2022,02,4700
乘用配套三组,FPT0791009,江西中联智能物流有限公司,101半钢外胎,100A4192,245/70R17 110T Giti4×4 HT152A # Giti 外,2022-02,2022,02,4560
乘用配套一组,FPT0023023,重庆长安汽车股份有限公司,101半钢外胎,100A4486,225/55R18 98V GitiComfort F50 CHANGAN # Giti 外,2022-02,2022,02,4500
乘用配套三组,FPT0021041,上汽大众汽车有限公司,101半钢外胎,100A3275,T125/70R16 96M GitiWingro SVW # Giti 外,2022-02,2022,02,4500
乘用配套四组,FPT0023034,重庆市永川区长城汽车零部件有限公司,101半钢外胎,100A1426,215/75R15 100S Giti4×4 HT150 # Giti 外,2022-02,2022,02,4137
乘用配套三组,FPT0027006,东风鸿泰控股集团有限公司汽车零部件集成分公司,101半钢外胎,100A4469,215/50R17 91V GitiComfort F22A # Giti 外,2022-02,2022,02,4048
乘用配套一组,FPT0021046,威马新能源汽车采购（上海）有限公司,101半钢外胎,100A4084,225/55R18 98H GitiComfort 225 V1 # Giti 外,2022-02,2022,02,4000
乘用配套三组,FPT0755007,深圳市比亚迪供应链管理有限公司,101半钢外胎,100A3526,225/60R18 100H GitiComfort SUV 520 BYD # Giti 外,2022-02,2022,02,3800
乘用配套二组,FPT0851004,贵州吉利汽车制造有限公司,101半钢外胎,100A4628,235/50R19 99V GitiComfort F50 GEELY # Giti 外,2022-02,2022,02,3800
乘用配套四组,FPT0551017,安徽江淮汽车集团股份有限公司轿车分公司,101半钢外胎,100A3270,205/55R16 94V XL GitiComfort 221 v1 JAC # Giti 外,2022-02,2022,02,3372
乘用配套三组,FPT0757010,长春一汽富维汽车零部件股份有限公司佛山车轮分公司,101半钢外胎,100A3080,T125/70R18 99M GitiWingro # Giti 外,2022-02,2022,02,3200
乘用配套二组,FPT0574002,浙江远景汽配有限公司,101半钢外胎,100A3016,215/60R17 96H GitiComfort SUV 520 GEELY # Giti 外,2022-02,2022,02,3111
乘用配套一组,FPT0023023,重庆长安汽车股份有限公司,101半钢外胎,100A4581,225/45R18 95V XL GitiComfort F22 ASYMMETRIC CHANGAN # Giti 外,2022-02,2022,02,3010
乘用配套三组,FPT0717001,广汽乘用车有限公司宜昌分公司,101半钢外胎,100A4571,225/45R18 95V XL GitiComfort F22 ASYMMETRIC GAC # Giti 外,2022-02,2022,02,3000
乘用配套四组,FPT0553013,芜湖金桔科技有限公司,101半钢外胎,100A130,215/60R17 96H GitiComfort SUV 520 Giti 外,2022-02,2022,02,2980
乘用配套三组,FPT0755007,深圳市比亚迪供应链管理有限公司,101半钢外胎,100A034,195/60R15 88H WINGRO # GT 外,2022-02,2022,02,2952
乘用配套四组,FPT0553001,奇瑞汽车股份有限公司,101半钢外胎,100A3522,205/50R17 93V XL GitiComfort F22 QR # Giti 外,2022-02,2022,02,2930
乘用配套三组,FPT0371005,郑州日产汽车有限公司,101半钢外胎,100A3712,255/70R16 111T Giti4×4 AT70 RWL # Giti 外,2022-02,2022,02,2660
乘用配套二组,FPT0757008,北汽福田汽车股份有限公司佛山汽车厂,101半钢外胎,100A3879,265/60R18 110H Giti4×4 HT152 FOTON # Giti 外,2022-02,2022,02,2650
乘用配套四组,FPT0551017,安徽江淮汽车集团股份有限公司轿车分公司,101半钢外胎,100A3719,215/50R17 95V XL GitiComfort F22 # Giti 外,2022-02,2022,02,2242
乘用配套一组,FPT0010027,重庆长安汽车股份有限公司北京长安汽车公司,101半钢外胎,100A4245,225/65R17 102H GitiComfort F50 NL-3AB # Giti 外,2022-02,2022,02,2210
乘用配套二组,FPT0354002,山西吉利汽车部件有限公司,101半钢外胎,100A4137,225/50R17 94V GitiComfort F22 GE12A # Giti 外,2022-02,2022,02,2200
乘用配套二组,FPT0772001,上汽通用五菱汽车股份有限公司,101半钢外胎,100A2414,195/55R16 91H XL GitiComfort 228 SGMW # Giti 外,2022-02,2022,02,2200
乘用配套二组,FPT0028015,四川领吉汽车制造有限公司,101半钢外胎,100A4176,215/55R18 95V GitiComfort F50 BX11 # Giti 外,2022-02,2022,02,2100
乘用配套二组,FPT0028015,四川领吉汽车制造有限公司,101半钢外胎,100A4325,225/60R18 100H GitiComfort F50 NL-3B # Giti 外,2022-02,2022,02,2050
乘用配套三组,FPT0021040,安吉智行物流有限公司,101半钢外胎,100A1613,185/70R14 88H CHAMPIRO 728 SAIC # GT 外,2022-02,2022,02,2000
乘用配套四组,FPT0551036,安徽江淮汽车集团股份有限公司轻型商用车分公司,101半钢外胎,120A3219,7.00R16 115/110N 12PR LT SUPER TRAVELER 668 # GT 丁基套,2022-02,2022,02,1890
乘用配套三组,FPT0371005,郑州日产汽车有限公司,101半钢外胎,100A3030,245/70R16 111S XL GitiConquest HT150 # Giti 外,2022-02,2022,02,1800
乘用配套三组,FPT0514014,上汽大众汽车有限公司仪征分公司,101半钢外胎,100A2035,175/70R14 84T GitiComfort 220 v1 # Giti 外,2022-02,2022,02,1760
乘用配套四组,FPT0378001,奇瑞汽车河南有限公司,101半钢外胎,100A4032,255/45R20 101H GitiComfort F50 # Giti 外,2022-02,2022,02,1710
乘用配套四组,FPT0551017,安徽江淮汽车集团股份有限公司轿车分公司,101半钢外胎,100A4082,215/55R17 94V GitiComfort F22 JAC # Giti 外,2022-02,2022,02,1705
乘用配套三组,FPT0021040,安吉智行物流有限公司,101半钢外胎,100A1663,195/55R16 91H XL GitiComfort 228 SAIC # Giti 外,2022-02,2022,02,1700
乘用配套四组,FPT0553008,宜宾凯翼汽车有限公司,101半钢外胎,100A3730,215/60R17 96H GitiComfort 520V1 QR # Giti 外,2022-02,2022,02,1700
乘用配套三组,FPT0791009,江西中联智能物流有限公司,101半钢外胎,100AL643F,235/55R18 100V GitiComfort F50+ # Giti 外,2022-02,2022,02,1646
乘用配套四组,FPT0576006,安徽江淮安驰汽车有限公司,101半钢外胎,100A2415,215/65R16 102H XL GitiComfort 225 # Giti 外,2022-02,2022,02,1600
乘用配套四组,FPT0553001,奇瑞汽车股份有限公司,101半钢外胎,100A3054,215/55R18 95H GitiComfort 520V1 QR # Giti 外,2022-02,2022,02,1499
乘用配套四组,FPT0553001,奇瑞汽车股份有限公司,101半钢外胎,100A130,215/60R17 96H GitiComfort SUV 520 Giti 外,2022-02,2022,02,1478
乘用配套三组,FPT0027006,东风鸿泰控股集团有限公司汽车零部件集成分公司,101半钢外胎,100A4276,215/60R17 96H GitiComfort F50 DPCA # Giti 外,2022-02,2022,02,1400
乘用配套四组,FPT0553001,奇瑞汽车股份有限公司,101半钢外胎,100AG385B,215/60R17 96H GitiComfort F50 # Giti 外,2022-02,2022,02,1400
乘用配套三组,FPT0020017,北汽（广州）汽车有限公司,101半钢外胎,100A3409,235/60R18 103H GitiComfort 520V1 # Giti 外,2022-02,2022,02,1350
乘用配套一组,FPT0023023,重庆长安汽车股份有限公司,101半钢外胎,100A3956,225/60R18 100H GitiComfort F50 CHANGAN # Giti 外,2022-02,2022,02,1300
乘用配套三组,FPT0021044,无锡安谊汽车配件有限公司,101半钢外胎,100A4279,245/65R17 111H XL Giti4×4 HT152 # Giti 外,2022-02,2022,02,1200
乘用配套四组,FPT0551017,安徽江淮汽车集团股份有限公司轿车分公司,101半钢外胎,100A4011,T155/80R17 111M GitiWingro # Giti 外,2022-02,2022,02,1200
乘用配套三组,FPT0755007,深圳市比亚迪供应链管理有限公司,101半钢外胎,100AG954A,225/60R16 98V GitiComfort F22 BYD # Giti 外,2022-02,2022,02,1150
乘用配套二组,FPT0791003,南昌灏森实业有限公司,101半钢外胎,100A3730,215/60R17 96H GitiComfort 520V1 QR # Giti 外,2022-02,2022,02,1150
乘用配套三组,FPT0591004,东南(福建)汽车工业股份有限公司,101半钢外胎,100A3075,215/55R18 95V GitiComfort 520V1 DNZY # Giti 外,2022-02,2022,02,1135
乘用配套二组,FPT0772001,上汽通用五菱汽车股份有限公司,101半钢外胎,100A2426,205/55R16 94V XL GitiComfort 221 v1 SGMW1 # Giti 外,2022-02,2022,02,1100
乘用配套二组,FPT0757008,北汽福田汽车股份有限公司佛山汽车厂,101半钢外胎,100A2150,265/65R17 112T SAVERO HT PLUS FOTON # Giti 外,2022-02,2022,02,1088
乘用配套三组,FPT0027006,东风鸿泰控股集团有限公司汽车零部件集成分公司,101半钢外胎,100A3783,225/55R17 97V GitiComfort 228v1 # Giti 外,2022-02,2022,02,1048
乘用配套一组,FPT0010027,重庆长安汽车股份有限公司北京长安汽车公司,101半钢外胎,100AA257B,225/60R18 100H GitiComfort F50  # Giti 外,2022-02,2022,02,1000
乘用配套三组,FPT0027006,东风鸿泰控股集团有限公司汽车零部件集成分公司,101半钢外胎,100A3272,205/60R16 92V GitiComfort 228v1 DPCA # Giti 外,2022-02,2022,02,1000
商用配套C区,FPT0359002,成都大运汽车集团有限公司运城分公司,101半钢外胎,100A3276,225/55R17 101H XL GitiComfort 225 # Giti 外,2022-02,2022,02,950
乘用配套三组,FPT0755007,深圳市比亚迪供应链管理有限公司,101半钢外胎,100A3082,T145/90R17 98M # Giti 外,2022-02,2022,02,896
商用配套B区,FPT0536009,北汽福田汽车股份有限公司诸城汽车厂M4,101半钢外胎,100A4473,205/75R16LT 110/107R 10PR GitiVan 600V1 # Giti 外,2022-02,2022,02,865
乘用配套三组,FPT0021044,无锡安谊汽车配件有限公司,101半钢外胎,100A3699,215/55R17 98V XL GitiComfort 228v1 # Giti 外,2022-02,2022,02,850
乘用配套三组,FPT0027006,东风鸿泰控股集团有限公司汽车零部件集成分公司,101半钢外胎,100A3273,215/50R17 91V GitiComfort 228v1 DPCA # Giti 外,2022-02,2022,02,846
乘用配套四组,FPT0553001,奇瑞汽车股份有限公司,101半钢外胎,100A222,T125/70R16 96M # GT 外,2022-02,2022,02,810
乘用配套一组,FPT0023023,重庆长安汽车股份有限公司,101半钢外胎,100A3078,T145/80R18 109M CHANGAN # Giti 外,2022-02,2022,02,800
乘用配套一组,FPT0551010,合肥长安汽车有限公司,101半钢外胎,100A2648,195/55R15 85V GitiComfort 228 CHANGAN # Giti 外,2022-02,2022,02,800
乘用配套三组,FPT0021025,上汽通用汽车销售有限公司,101半钢外胎,100A2373,195/65R15 91H GitiComfort 228 SGM # Giti 外,2022-02,2022,02,800
乘用配套三组,FPT0755007,深圳市比亚迪供应链管理有限公司,101半钢外胎,100A3682A,225/65R17 102H GitiComfort SUV 520 GWH6 # Giti 外,2022-02,2022,02,800
乘用配套二组,FPT0574002,浙江远景汽配有限公司,101半钢外胎,100A3682,225/65R17 102H GitiComfort SUV 520 GW # Giti 外,2022-02,2022,02,800
乘用配套二组,FPT0772001,上汽通用五菱汽车股份有限公司,101半钢外胎,100A2588,195/55R16 91H XL GitiComfort 228 SGMW1 # Giti 外,2022-02,2022,02,800
乘用配套四组,FPT0553001,奇瑞汽车股份有限公司,101半钢外胎,100A2630,225/60R18 100V GitiComfort 520V1 # Giti 外,2022-02,2022,02,765
乘用配套一组,FPT0023023,重庆长安汽车股份有限公司,101半钢外胎,100A3955,225/65R17 102H GitiComfort F50 CHANGAN # Giti 外,2022-02,2022,02,700
乘用配套四组,FPT0312008,长城汽车股份有限公司徐水售后分公司,101半钢外胎,100A3682A,225/65R17 102H GitiComfort SUV 520 GWH6 # Giti 外,2022-02,2022,02,650
乘用配套四组,FPT0551022,安徽江淮汽车集团股份有限公司多功能商用车分公司,101半钢外胎,100A3345,185/75R16LT 102/99R 8PR GitiVan 600 # Giti 外,2022-02,2022,02,600
乘用配套四组,FPT0553001,奇瑞汽车股份有限公司,101半钢外胎,100AJ837A,215/55R18 95H GitiComfort F50 # Giti 外,2022-02,2022,02,600
乘用配套二组,FPT0757008,北汽福田汽车股份有限公司佛山汽车厂,101半钢外胎,100A2410,265/60R18 110S Giti4×4 AT100 RBL # Giti 外,2022-02,2022,02,510
乘用配套三组,FPT0514014,上汽大众汽车有限公司仪征分公司,101半钢外胎,100A1885,185/60R15 84T GitiComfort 228 # Giti 外,2022-02,2022,02,500
乘用配套二组,FPT0772001,上汽通用五菱汽车股份有限公司,101半钢外胎,100A2933,205/55R16 94V XL GitiComfort 221 v1 SGMW # Giti 外,2022-02,2022,02,500
乘用配套二组,FPT0791004,江西五十铃汽车有限公司,101半钢外胎,100A2518,255/65R17 110S SAVERO HT PLUS # Giti 外,2022-02,2022,02,500
乘用配套四组,FPT0514008,扬州江淮轻型汽车有限公司,101半钢外胎,100A4394,265/60R18 110H Giti4×4 HT152 SAIC MOTOR # Giti 外,2022-02,2022,02,490
乘用配套四组,FPT0551017,安徽江淮汽车集团股份有限公司轿车分公司,101半钢外胎,100A2548,225/55R18 98V GitiComfort SUV 520 # Giti 外,2022-02,2022,02,420
乘用配套一组,FPT0551010,合肥长安汽车有限公司,101半钢外胎,100A3955,225/65R17 102H GitiComfort F50 CHANGAN # Giti 外,2022-02,2022,02,402
乘用配套三组,FPT0591004,东南(福建)汽车工业股份有限公司,101半钢外胎,100A3249,T125/85R16 99M # GT 外,2022-02,2022,02,400
乘用配套三组,FPT0755007,深圳市比亚迪供应链管理有限公司,101半钢外胎,100A3234,205/55R16 94V XL GitiComfort 225 # Giti 外,2022-02,2022,02,400
乘用配套三组,FPT0755007,深圳市比亚迪供应链管理有限公司,101半钢外胎,100A3270,205/55R16 94V XL GitiComfort 221 v1 JAC # Giti 外,2022-02,2022,02,400
乘用配套四组,FPT0023034,重庆市永川区长城汽车零部件有限公司,101半钢外胎,100A3862,P235/65R17 108T XL SAVERO HT PLUS # Giti 外,2022-02,2022,02,400
乘用配套四组,FPT0514008,扬州江淮轻型汽车有限公司,101半钢外胎,100A2411,LT265/70R17 121/118S 10PR Giti4×4 AT100 RWL # Giti 外,2022-02,2022,02,400
乘用配套四组,FPT0553008,宜宾凯翼汽车有限公司,101半钢外胎,100A3054,215/55R18 95H GitiComfort 520V1 QR # Giti 外,2022-02,2022,02,400
乘用配套一组,FPT0010027,重庆长安汽车股份有限公司北京长安汽车公司,101半钢外胎,100A2184,225/65R17 102H GitiComfort SUV 520 CHANGAN # Giti 外,2022-02,2022,02,399
乘用配套三组,FPT0020018,广汽乘用车有限公司,101半钢外胎,100AQ181B,235/55R19 101V GitiComfort 225 V1 # Giti 外,2022-02,2022,02,368
乘用配套四组,FPT0551017,安徽江淮汽车集团股份有限公司轿车分公司,101半钢外胎,100AJ602D,225/55R18 98V GitiComfort F50 # Giti 外,2022-02,2022,02,360
商用配套D区,FPT0592004,厦门金龙联合汽车工业有限公司,101半钢外胎,100A1644,195/70R15C 10PR LT 104/101R MAXWAY # GT 外,2022-02,2022,02,360
乘用配套三组,FPT0791009,江西中联智能物流有限公司,101半钢外胎,100A4099,P265/70R16 112T SAVERO HT PLUS JLZY # Giti 外,2022-02,2022,02,350
乘用配套四组,FPT0312008,长城汽车股份有限公司徐水售后分公司,101半钢外胎,100A2657,255/45R21 102H GitiComfort 520V1 # Giti 外,2022-02,2022,02,345
乘用配套四组,FPT0551017,安徽江淮汽车集团股份有限公司轿车分公司,101半钢外胎,100A3903,225/45R18 95V XL GitiComfort 225 V1 JAC # Giti 外,2022-02,2022,02,345
乘用配套二组,FPT0791004,江西五十铃汽车有限公司,101半钢外胎,100A2936,255/60R18 112T XL GitiComfort 520V1 # Giti 外,2022-02,2022,02,335
乘用配套二组,FPT0574002,浙江远景汽配有限公司,101半钢外胎,100A4178,215/55R17 94V GitiComfort F22 KC-2A # Giti 外,2022-02,2022,02,320
乘用配套一组,FPT0551010,合肥长安汽车有限公司,101半钢外胎,100A4193,T165/80R17 104M CHANGAN # Giti 外,2022-02,2022,02,300
乘用配套三组,FPT0371005,郑州日产汽车有限公司,101半钢外胎,100A3979,255/70R16 111H Giti4×4 HT152 # Giti 外,2022-02,2022,02,300
乘用配套三组,FPT0755007,深圳市比亚迪供应链管理有限公司,101半钢外胎,100A1325,205/55R16 91V GitiComfort 228 # Giti 外,2022-02,2022,02,300
乘用配套二组,FPT0791003,南昌灏森实业有限公司,101半钢外胎,100A4201,235/60R18 103H GitiComfort SUV 520 GW # Giti 外,2022-02,2022,02,300
乘用配套四组,FPT0553016,芜湖泰瑞汽车有限公司,101半钢外胎,100A4032,255/45R20 101H GitiComfort F50 # Giti 外,2022-02,2022,02,300
乘用配套四组,FPT0551017,安徽江淮汽车集团股份有限公司轿车分公司,101半钢外胎,100A4026,T125/80R17 99M GW # GT 外,2022-02,2022,02,295
乘用配套二组,FPT0571019,杭州吉利汽车有限公司,101半钢外胎,100A3801,205/60R16 92V GitiComfort 228v1 GEELY GE11 # Giti 外,2022-02,2022,02,270
乘用配套四组,FPT0551036,安徽江淮汽车集团股份有限公司轻型商用车分公司,101半钢外胎,120A1716,6.50R16 107/102N 10PR LT SUPER TRAVELER 668 GT 丁基套,2022-02,2022,02,252
乘用配套一组,FPT0312009,保定长安客车制造有限公司,101半钢外胎,100A4194,265/60R18 110S Giti4×4 AT70 CHANGAN NEW # Giti 外,2022-02,2022,02,250
乘用配套三组,FPT0431017,一汽-大众汽车有限公司,101半钢外胎,100A3067,205/55R16 91H GitiSynergy E1 VW # Giti 外,2022-02,2022,02,211
乘用配套二组,FPT0757008,北汽福田汽车股份有限公司佛山汽车厂,101半钢外胎,100A2126,265/70R16 112T SAVERO HT PLUS # Giti 外,2022-02,2022,02,202
乘用配套一组,FPT0023023,重庆长安汽车股份有限公司,101半钢外胎,100A3687,225/45R18 95V XL GitiComfort 228v1 CHANGAN NEW # Giti 外,2022-02,2022,02,200
乘用配套三组,FPT0371005,郑州日产汽车有限公司,101半钢外胎,100A3811,255/60R18 112H XL Giti4×4 HT152 # Giti 外,2022-02,2022,02,200
乘用配套三组,FPT0755007,深圳市比亚迪供应链管理有限公司,101半钢外胎,100A2213,215/55R17 94V GitiComfort 225 # Giti 外,2022-02,2022,02,200
乘用配套二组,FPT0917004,宝鸡吉利汽车部件有限公司,101半钢外胎,100AL741B,225/55R19 99H GitiComfort F50 CHANGAN # Giti 外,2022-02,2022,02,200
乘用配套四组,FPT0312008,长城汽车股份有限公司徐水售后分公司,101半钢外胎,100AF747C,215/50R18 96V XL GitiComfort 225 V1 # Giti 外,2022-02,2022,02,200
乘用配套三组,FPT0755007,深圳市比亚迪供应链管理有限公司,101半钢外胎,100A2346,205/60R16 92V GitiComfort 228v1 # Giti 外,2022-02,2022,02,190
乘用配套四组,FPT0551036,安徽江淮汽车集团股份有限公司轻型商用车分公司,101半钢外胎,120A1717,7.50R16 122/118N 14PR LT SUPER TRAVELER 668 SS GT 丁基套,2022-02,2022,02,182
乘用配套三组,FPT0010039,北京新能源汽车营销有限公司,101半钢外胎,100A3521,215/50R17 95H XL GitiComfort 228v1 # Giti 外,2022-02,2022,02,180
乘用配套四组,FPT0312008,长城汽车股份有限公司徐水售后分公司,101半钢外胎,100A4574,235/60R19 107H XL GitiComfort F50 GW # Giti 外,2022-02,2022,02,160
乘用配套一组,FPT0023038,重庆铃耀汽车有限公司,101半钢外胎,100A3884,T125/80R17 99M CHANGAN # GT 外,2022-02,2022,02,150
乘用配套三组,FPT0755007,深圳市比亚迪供应链管理有限公司,101半钢外胎,100A3982,205/50R17 93W XL GitiComfort 228v1 BYD-HD # Giti 外,2022-02,2022,02,150
乘用配套四组,FPT0551036,安徽江淮汽车集团股份有限公司轻型商用车分公司,101半钢外胎,100A3219,7.00R16 115/110N 12PR LT SUPER TRAVELER 668 # GT 外,2022-02,2022,02,140
乘用配套四组,FPT0553013,芜湖金桔科技有限公司,101半钢外胎,100A3816,235/55R18 100V GitiComfort F50 QR # Giti 外,2022-02,2022,02,130
乘用配套四组,FPT0553013,芜湖金桔科技有限公司,101半钢外胎,100A3054,215/55R18 95H GitiComfort 520V1 QR # Giti 外,2022-02,2022,02,120
乘用配套三组,FPT0021044,无锡安谊汽车配件有限公司,101半钢外胎,100AL721C,265/60R18 110S Giti4×4 AT70 CHANGAN NEW # Giti 外,2022-02,2022,02,116
乘用配套二组,FPT0574012,吉利汽车研究院（宁波）有限公司,101半钢外胎,100A3885,235/55R18 100V GitiComfort F50+ GEELY NEW # Giti 外,2022-02,2022,02,108
乘用配套三组,FPT0431017,一汽-大众汽车有限公司,101半钢外胎,100A1981,205/55R16 91V GitiComfort 221 v1 # Giti 外,2022-02,2022,02,107
乘用配套一组,FPT0010027,重庆长安汽车股份有限公司北京长安汽车公司,101半钢外胎,100A3955,225/65R17 102H GitiComfort F50 CHANGAN # Giti 外,2022-02,2022,02,100
乘用配套一组,FPT0010027,重庆长安汽车股份有限公司北京长安汽车公司,101半钢外胎,100A3956,225/60R18 100H GitiComfort F50 CHANGAN # Giti 外,2022-02,2022,02,100
乘用配套三组,FPT0021025,上汽通用汽车销售有限公司,101半钢外胎,100A2190,175/70R14 84T GitiComfort 220 v1 SGM # Giti 外,2022-02,2022,02,100
乘用配套三组,FPT0021041,上汽大众汽车有限公司,101半钢外胎,100A4644,205/55R16 91H GitiComfort F22 # Giti 外,2022-02,2022,02,100
乘用配套三组,FPT0591004,东南(福建)汽车工业股份有限公司,101半钢外胎,100A3816,235/55R18 100V GitiComfort F50 QR # Giti 外,2022-02,2022,02,100
乘用配套三组,FPT0755007,深圳市比亚迪供应链管理有限公司,101半钢外胎,100A2961,205/55R16 94H XL GitiTaxi 900 BYD # Giti 外,2022-02,2022,02,100
乘用配套四组,FPT0312008,长城汽车股份有限公司徐水售后分公司,101半钢外胎,100A1313,185/65R15 88H GitiComfort 228 # Giti 外,2022-02,2022,02,94
乘用配套四组,FPT0553001,奇瑞汽车股份有限公司,101半钢外胎,100A3377,235/55R18 100V GitiComfort 520V1 QR # Giti 外,2022-02,2022,02,90
乘用配套四组,FPT0551017,安徽江淮汽车集团股份有限公司轿车分公司,101半钢外胎,100A4322,165/65R14 79T GitiComfort 220 # Giti 外,2022-02,2022,02,88
乘用配套四组,FPT0312008,长城汽车股份有限公司徐水售后分公司,101半钢外胎,100A4201,235/60R18 103H GitiComfort SUV 520 GW # Giti 外,2022-02,2022,02,80
乘用配套四组,FPT0553013,芜湖金桔科技有限公司,101半钢外胎,100A1311,185/60R15 84H GitiComfort 228 QRZY # Giti 外,2022-02,2022,02,80
乘用配套四组,FPT0023034,重庆市永川区长城汽车零部件有限公司,101半钢外胎,100AQ043H,195/60R16 93H XL GitiComfort 225v1 # Giti 外,2022-02,2022,02,72
商用配套B区,FPT0370003,河南福田智蓝新能源汽车有限公司,101半钢外胎,100A4473,205/75R16LT 110/107R 10PR GitiVan 600V1 # Giti 外,2022-02,2022,02,70
商用配套D区,FPT0021008,金龙联合汽车工业（苏州）有限公司,101半钢外胎,100A4555,215/75R16LT 112/109R 10PR GitiVan 600 FOTON # Giti 外,2022-02,2022,02,70
乘用配套三组,FPT0431017,一汽-大众汽车有限公司,101半钢外胎,100A2035,175/70R14 84T GitiComfort 220 v1 # Giti 外,2022-02,2022,02,62
乘用配套三组,FPT0020018,广汽乘用车有限公司,101半钢外胎,100AL681A,235/55R19 101V GitiComfort 225 V1 # Giti 外,2022-02,2022,02,56
乘用配套四组,FPT0312008,长城汽车股份有限公司徐水售后分公司,101半钢外胎,100A2129,235/70R16 106T SAVERO HT PLUS RWL # Giti 外,2022-02,2022,02,55
乘用配套四组,FPT0312008,长城汽车股份有限公司徐水售后分公司,101半钢外胎,100A3683,235/70R16 106T SAVERO HT PLUS GW # Giti 外,2022-02,2022,02,55
乘用配套三组,FPT0027004,神龙汽车有限公司,101半钢外胎,100A3273,215/50R17 91V GitiComfort 228v1 DPCA # Giti 外,2022-02,2022,02,50
乘用配套三组,FPT0755007,深圳市比亚迪供应链管理有限公司,101半钢外胎,100A3245,205/60R16 92V GitiComfort 228v1 BAIC MOTOR # Giti 外,2022-02,2022,02,50
乘用配套三组,FPT0755007,深圳市比亚迪供应链管理有限公司,101半钢外胎,100A3273,215/50R17 91V GitiComfort 228v1 DPCA # Giti 外,2022-02,2022,02,50
乘用配套三组,FPT0755007,深圳市比亚迪供应链管理有限公司,101半钢外胎,100A3812,205/55R16 94V XL GitiComfort 228v1 BYD # Giti 外,2022-02,2022,02,50
乘用配套三组,FPT0755007,深圳市比亚迪供应链管理有限公司,101半钢外胎,100A3877,215/55R17 94V GitiComfort 228v1 BYD # Giti 外,2022-02,2022,02,50
乘用配套四组,FPT0553001,奇瑞汽车股份有限公司,101半钢外胎,100AQ092B,225/45R18 95V XL GitiComfort 225 V1 # Giti 外,2022-02,2022,02,48
乘用配套三组,FPT0573002,合众新能源汽车有限公司,101半钢外胎,100A4491,225/60R18 100H GitiComfort F50 BYD # Giti 外,2022-02,2022,02,44
乘用配套三组,FPT0755007,深圳市比亚迪供应链管理有限公司,101半钢外胎,100AL772B,225/50R18 95V GitiComfort 225 V1 BYD # Giti 外,2022-02,2022,02,44
乘用配套二组,FPT0572002,长兴吉利汽车部件有限公司,101半钢外胎,100AJ158B,205/55R16 91V GitiComfort F22 # Giti 外,2022-02,2022,02,44
乘用配套一组,FPT0023023,重庆长安汽车股份有限公司,101半钢外胎,100A4173,215/50R17 95H XL GitiComfort 228v1 CHANGAN # Giti 外,2022-02,2022,02,40
乘用配套四组,FPT0551017,安徽江淮汽车集团股份有限公司轿车分公司,101半钢外胎,100A2095,185/65R15 88H GitiComfort 221 # Giti 外,2022-02,2022,02,40
乘用配套四组,FPT0551017,安徽江淮汽车集团股份有限公司轿车分公司,101半钢外胎,100A2148,185/60R15 84H GitiComfort 221 # Giti 外,2022-02,2022,02,36
乘用配套四组,FPT0312008,长城汽车股份有限公司徐水售后分公司,101半钢外胎,100A2512,205/60R16 92H GitiComfort 221 Haval Giti 外,2022-02,2022,02,35
乘用配套三组,FPT0010021,北京汽车股份有限公司,101半钢外胎,100A3245,205/60R16 92V GitiComfort 228v1 BAIC MOTOR # Giti 外,2022-02,2022,02,30
乘用配套三组,FPT0027004,神龙汽车有限公司,101半钢外胎,100A4469,215/50R17 91V GitiComfort F22A # Giti 外,2022-02,2022,02,30
乘用配套三组,FPT0755007,深圳市比亚迪供应链管理有限公司,101半钢外胎,100A2340,205/50R17 93W XL GitiComfort 228v1 # Giti 外,2022-02,2022,02,30
乘用配套二组,FPT0772001,上汽通用五菱汽车股份有限公司,101半钢外胎,100AL082B,185/60R15 88H XL GitiSynergy E1 # Giti 外,2022-02,2022,02,30
乘用配套二组,FPT0574003,宁波远景汽车零部件有限公司,101半钢外胎,100AJ158B,205/55R16 91V GitiComfort F22 # Giti 外,2022-02,2022,02,28
乘用配套一组,FPT0551010,合肥长安汽车有限公司,101半钢外胎,100A2186,195/50R16 84H GitiComfort 221 v1 # Giti 外,2022-02,2022,02,20
乘用配套三组,FPT0021037,上海上汽大众汽车销售有限公司,101半钢外胎,100A1885,185/60R15 84T GitiComfort 228 # Giti 外,2022-02,2022,02,20
乘用配套三组,FPT0021037,上海上汽大众汽车销售有限公司,101半钢外胎,100A2035,175/70R14 84T GitiComfort 220 v1 # Giti 外,2022-02,2022,02,20
乘用配套三组,FPT0755007,深圳市比亚迪供应链管理有限公司,101半钢外胎,100A3776,265/40R22 106V XL GitiComfort 225 V1 # Giti 外,2022-02,2022,02,20
乘用配套二组,FPT0571019,杭州吉利汽车有限公司,101半钢外胎,100AG294A,215/55R18 95V GitiComfort F50 GEELY # Giti 外,2022-02,2022,02,20
乘用配套四组,FPT0312008,长城汽车股份有限公司徐水售后分公司,101半钢外胎,100A3307,235/55R18 100V GitiComfort SUV 520 NEW # Giti 外,2022-02,2022,02,20
乘用配套四组,FPT0553008,宜宾凯翼汽车有限公司,101半钢外胎,100A4276,215/60R17 96H GitiComfort F50 DPCA # Giti 外,2022-02,2022,02,20
乘用配套三组,FPT0755007,深圳市比亚迪供应链管理有限公司,101半钢外胎,100A3937,245/50R18 100V GitiComfort 225 V1 BYD # Giti 外,2022-02,2022,02,19
乘用配套四组,FPT0312008,长城汽车股份有限公司徐水售后分公司,101半钢外胎,100A1325,205/55R16 91V GitiComfort 228 # Giti 外,2022-02,2022,02,17
乘用配套三组,FPT0020013,广州汽车集团股份有限公司,101半钢外胎,100A4571,225/45R18 95V XL GitiComfort F22 ASYMMETRIC GAC # Giti 外,2022-02,2022,02,16
乘用配套四组,FPT0553013,芜湖金桔科技有限公司,101半钢外胎,100A1325,205/55R16 91V GitiComfort 228 # Giti 外,2022-02,2022,02,15
商用配套B区,FPT0633001,浙江飞碟汽车制造有限公司五征分公司,101半钢外胎,100A1683,195R15C 106/104R 8PR LT GitiVan 600 # Giti 外,2022-02,2022,02,15
乘用配套一组,FPT0021050,上海龙创汽车设计股份有限公司,101半钢外胎,100AF637A,205/55R17 91H GitiComfort F22 SVW # Giti 外,2022-02,2022,02,12
乘用配套一组,FPT0023023,重庆长安汽车股份有限公司,101半钢外胎,100A4200,255/60R18 108H Giti4×4 HT152 # Giti 外,2022-02,2022,02,12
乘用配套三组,FPT0020013,广州汽车集团股份有限公司,101半钢外胎,100A4572,225/55R18 98V GitiComfort F50 GAC # Giti 外,2022-02,2022,02,12
乘用配套一组,FPT0023023,重庆长安汽车股份有限公司,101半钢外胎,100A2347,195/60R16 89H GitiComfort 228v1 # Giti 外,2022-02,2022,02,10
乘用配套三组,FPT0021037,上海上汽大众汽车销售有限公司,101半钢外胎,100A3080,T125/70R18 99M GitiWingro # Giti 外,2022-02,2022,02,10
乘用配套四组,FPT0023034,重庆市永川区长城汽车零部件有限公司,101半钢外胎,100AF747C,215/50R18 96V XL GitiComfort 225 V1 # Giti 外,2022-02,2022,02,10
乘用配套四组,FPT0312008,长城汽车股份有限公司徐水售后分公司,101半钢外胎,100A2130,P235/65R17 104T SAVERO HT PLUS GREAT WALL # Giti 外,2022-02,2022,02,10
乘用配套四组,FPT0551017,安徽江淮汽车集团股份有限公司轿车分公司,101半钢外胎,100A1325,205/55R16 91V GitiComfort 228 # Giti 外,2022-02,2022,02,10
乘用配套四组,FPT0553001,奇瑞汽车股份有限公司,101半钢外胎,100A518,195/55R15 85V CHAMPIRO 128 # GT 外,2022-02,2022,02,10
商用配套D区,FPT0371001,宇通客车股份有限公司,101半钢外胎,100A4555,215/75R16LT 112/109R 10PR GitiVan 600 FOTON # Giti 外,2022-02,2022,02,10
乘用配套三组,FPT0010021,北京汽车股份有限公司,101半钢外胎,100AL952C,235/55R19 101V GitiComfort F50 # Giti 外,2022-02,2022,02,8
乘用配套三组,FPT0514014,上汽大众汽车有限公司仪征分公司,101半钢外胎,100AE958C,195/55R16 87H GitiSynergy E1 SVW # Giti 外,2022-02,2022,02,8
乘用配套三组,FPT0755007,深圳市比亚迪供应链管理有限公司,101半钢外胎,100AL372C,245/50R20 102V GitiComfort 225 V1 GAC # Giti 外,2022-02,2022,02,8
乘用配套二组,FPT0757008,北汽福田汽车股份有限公司佛山汽车厂,101半钢外胎,100A3696,LT245/70R17 108/104S 6PR Giti4×4 AT100 RWL # Giti 外,2022-02,2022,02,7
商用配套B区,FPT0536009,北汽福田汽车股份有限公司诸城汽车厂M4,101半钢外胎,100A2917,195/75R16C 102/99S 8PR LT GitiVan 600V1 # Giti 外,2022-02,2022,02,7
乘用配套三组,FPT0010040,北京汽车集团越野车销售服务有限公司,101半钢外胎,100A1625,LT265/75R16 112/109S 6PR ADVENTURO A/T OWL HLM # GT 外,2022-02,2022,02,5
乘用配套四组,FPT0312008,长城汽车股份有限公司徐水售后分公司,101半钢外胎,100A2136,195/55R16 91H XL GitiComfort 228 # Giti 外,2022-02,2022,02,5
乘用配套四组,FPT0312008,长城汽车股份有限公司徐水售后分公司,101半钢外胎,100A4477,215/75R15 100S Giti4×4 HT150 GW # Giti 外,2022-02,2022,02,5
商用配套D区,FPT0371001,宇通客车股份有限公司,101半钢外胎,100A3609,235/60R18 103H GitiComfort F50 JAC # Giti 外,2022-02,2022,02,5
乘用配套三组,FPT0020013,广州汽车集团股份有限公司,101半钢外胎,100A3410,225/50R18 99H XL GitiComfort 225 BAIC MOTOR # Giti 外,2022-02,2022,02,4
乘用配套三组,FPT0020013,广州汽车集团股份有限公司,101半钢外胎,100A3882,215/55R18 95H GitiComfort F50 GAC # Giti 外,2022-02,2022,02,4
乘用配套三组,FPT0020013,广州汽车集团股份有限公司,101半钢外胎,100A3926,225/60R17 99H GitiComfort F50 GAC # Giti 外,2022-02,2022,02,4
乘用配套三组,FPT0514014,上汽大众汽车有限公司仪征分公司,101半钢外胎,100AF666C,185/65R15 88T GitiComfort F22 SVW # Giti 外,2022-02,2022,02,4
乘用配套二组,FPT0010013,北汽福田汽车股份有限公司,101半钢外胎,100A3879,265/60R18 110H Giti4×4 HT152 FOTON # Giti 外,2022-02,2022,02,2
乘用配套四组,FPT0023034,重庆市永川区长城汽车零部件有限公司,101半钢外胎,100A3316,235/65R18 106V GitiComfort 520V1 GW # Giti 外,2022-02,2022,02,-1
乘用配套三组,FPT0571015,广汽乘用车（杭州）有限公司,101半钢外胎,100AJ074A,235/50R19 99V GitiComfort F50 CHANGAN # Giti 外,2022-02,2022,02,-2
乘用配套四组,FPT0023034,重庆市永川区长城汽车零部件有限公司,101半钢外胎,100A4008,235/65R18 106V GitiComfort F50 # Giti 外,2022-02,2022,02,-3
乘用配套四组,FPT0023034,重庆市永川区长城汽车零部件有限公司,101半钢外胎,100A4029,235/60R19 107H XL GitiComfort F50 # Giti 外,2022-02,2022,02,-4
乘用配套四组,FPT0023034,重庆市永川区长城汽车零部件有限公司,101半钢外胎,100A3682,225/65R17 102H GitiComfort SUV 520 GW # Giti 外,2022-02,2022,02,-8